-- phpMyAdmin SQL Dump
-- version 5.2.1
-- https://www.phpmyadmin.net/
--
-- Máy chủ: 127.0.0.1
-- Thời gian đã tạo: Th12 02, 2025 lúc 08:58 PM
-- Phiên bản máy phục vụ: 10.4.32-MariaDB
-- Phiên bản PHP: 8.2.12

SET SQL_MODE = "NO_AUTO_VALUE_ON_ZERO";
START TRANSACTION;
SET time_zone = "+00:00";


/*!40101 SET @OLD_CHARACTER_SET_CLIENT=@@CHARACTER_SET_CLIENT */;
/*!40101 SET @OLD_CHARACTER_SET_RESULTS=@@CHARACTER_SET_RESULTS */;
/*!40101 SET @OLD_COLLATION_CONNECTION=@@COLLATION_CONNECTION */;
/*!40101 SET NAMES utf8mb4 */;

--
-- Cơ sở dữ liệu: `ssb10`
--

-- --------------------------------------------------------

--
-- Cấu trúc bảng cho bảng `attendance`
--

CREATE TABLE `attendance` (
  `attendanceId` int(11) NOT NULL,
  `lichTrinhId` int(11) NOT NULL,
  `hocSinhId` int(11) NOT NULL,
  `taiXeId` int(11) NOT NULL,
  `loanDon` tinyint(1) NOT NULL DEFAULT 0,
  `loanTra` tinyint(1) NOT NULL DEFAULT 0,
  `anh` varchar(191) DEFAULT NULL,
  `thoiGianDon` datetime(3) DEFAULT NULL,
  `thoiGianTra` datetime(3) DEFAULT NULL,
  `ghiChu` varchar(191) DEFAULT NULL
) ENGINE=InnoDB DEFAULT CHARSET=utf8mb4 COLLATE=utf8mb4_unicode_ci;

--
-- Đang đổ dữ liệu cho bảng `attendance`
--

INSERT INTO `attendance` (`attendanceId`, `lichTrinhId`, `hocSinhId`, `taiXeId`, `loanDon`, `loanTra`, `anh`, `thoiGianDon`, `thoiGianTra`, `ghiChu`) VALUES
(3, 4, 1, 1, 1, 0, NULL, '2025-12-02 16:34:06.451', NULL, NULL),
(4, 4, 2, 1, 1, 0, NULL, '2025-12-02 16:16:44.735', NULL, NULL),
(5, 4, 3, 1, 1, 0, NULL, '2025-12-02 16:16:45.267', NULL, NULL),
(6, 4, 7, 1, 1, 0, NULL, '2025-12-02 16:16:50.345', NULL, NULL),
(7, 4, 8, 1, 1, 0, NULL, '2025-12-02 16:16:49.280', NULL, NULL),
(8, 4, 10, 1, 1, 0, NULL, '2025-12-02 16:16:49.805', NULL, NULL),
(9, 4, 13, 1, 1, 0, NULL, '2025-12-02 16:16:53.015', NULL, NULL),
(10, 4, 16, 1, 1, 0, NULL, '2025-12-02 16:16:53.412', NULL, NULL),
(11, 4, 19, 1, 1, 0, NULL, '2025-12-02 16:16:53.833', NULL, NULL),
(12, 4, 22, 1, 1, 0, NULL, '2025-12-02 16:16:55.594', NULL, NULL),
(13, 4, 24, 1, 1, 0, NULL, '2025-12-02 16:16:56.092', NULL, NULL);

-- --------------------------------------------------------

--
-- Cấu trúc bảng cho bảng `conversation`
--

CREATE TABLE `conversation` (
  `conversationId` int(11) NOT NULL,
  `userId` int(11) NOT NULL,
  `tenCuaHang` varchar(191) DEFAULT NULL,
  `thoiGianTao` datetime(3) NOT NULL DEFAULT current_timestamp(3),
  `trangThai` varchar(191) DEFAULT 'open'
) ENGINE=InnoDB DEFAULT CHARSET=utf8mb4 COLLATE=utf8mb4_unicode_ci;

-- --------------------------------------------------------

--
-- Cấu trúc bảng cho bảng `diemdung`
--

CREATE TABLE `diemdung` (
  `diemDungId` int(11) NOT NULL,
  `tenDiemDung` varchar(191) NOT NULL,
  `diaChi` varchar(191) DEFAULT NULL,
  `vido` double DEFAULT NULL,
  `kinhdo` double DEFAULT NULL
) ENGINE=InnoDB DEFAULT CHARSET=utf8mb4 COLLATE=utf8mb4_unicode_ci;

--
-- Đang đổ dữ liệu cho bảng `diemdung`
--

INSERT INTO `diemdung` (`diemDungId`, `tenDiemDung`, `diaChi`, `vido`, `kinhdo`) VALUES
(1, 'Trường THPT Chuyên Lê Hồng Phong (Q5)', '235 Nguyễn Văn Cừ', 10.762622, 106.682228),
(2, 'Chợ Bến Thành (Q1)', 'Lê Lợi', 10.772542, 106.698021),
(3, 'Nhà Thờ Đức Bà (Q1)', 'Công xã Paris', 10.779785, 106.699018),
(4, 'Thảo Cầm Viên (Q1)', '2 Nguyễn Bỉnh Khiêm', 10.787602, 106.705139),
(5, 'Landmark 81 (Bình Thạnh)', '720A Điện Biên Phủ', 10.794939, 106.721773),
(6, 'Mega Market An Phú (Q2)', 'Song Hành', 10.801642, 106.74476),
(7, 'Crescent Mall (Q7)', '101 Tôn Dật Tiên', 10.72915, 106.721763),
(8, 'Vivo City (Q7)', '1058 Nguyễn Văn Linh', 10.730813, 106.701625),
(9, 'Công Viên 123', '123 Lê lợi', NULL, NULL),
(10, '123', '123', NULL, NULL),
(11, '12 ttt', '243 An Dương Vượng, Phường Chợ Quán', 10.7611353, 106.6833774);

-- --------------------------------------------------------

--
-- Cấu trúc bảng cho bảng `hocsinh`
--

CREATE TABLE `hocsinh` (
  `hocSinhId` int(11) NOT NULL,
  `maHS` varchar(191) NOT NULL,
  `hoTen` varchar(191) DEFAULT NULL,
  `lop` varchar(191) DEFAULT NULL,
  `diemDon` varchar(191) DEFAULT NULL,
  `diemTra` varchar(191) DEFAULT NULL,
  `avatar` varchar(191) DEFAULT NULL,
  `soDienThoaiPH` varchar(191) DEFAULT NULL,
  `phuHuynhId` int(11) DEFAULT NULL
) ENGINE=InnoDB DEFAULT CHARSET=utf8mb4 COLLATE=utf8mb4_unicode_ci;

--
-- Đang đổ dữ liệu cho bảng `hocsinh`
--

INSERT INTO `hocsinh` (`hocSinhId`, `maHS`, `hoTen`, `lop`, `diemDon`, `diemTra`, `avatar`, `soDienThoaiPH`, `phuHuynhId`) VALUES
(1, 'HS001', 'Nguyễn Bé Cả', '12A1', 'Landmark 81', 'Trường LHP', NULL, '0910000001', 1),
(2, 'HS002', 'Nguyễn Bé Hai', '10B2', 'Landmark 81', 'Trường LHP', NULL, '0910000001', 1),
(3, 'HS003', 'Nguyễn Bé Út', '6C3', 'Thảo Cầm Viên', 'Trường LHP', NULL, '0910000001', 1),
(4, 'HS004', 'Trần Tí', '8A1', 'Mega Market', 'Trường LHP', NULL, '0910000002', 2),
(5, 'HS005', 'Trần Tèo', '9A2', 'Mega Market', 'Trường LHP', NULL, '0910000002', 2),
(6, 'HS006', 'Lê Văn Tí Hon', '7B5', 'Crescent Mall', 'Trường LHP', NULL, '0910000003', 3),
(7, 'HS007', 'Hoàng Hoa', '11A1', 'Nhà Thờ Đức Bà', 'Trường LHP', NULL, '0910000004', 4),
(8, 'HS008', 'Hoàng Huệ', '11A1', 'Nhà Thờ Đức Bà', 'Trường LHP', NULL, '0910000004', 4),
(9, 'HS009', 'Phạm Băng Băng', '10C1', 'Vivo City', 'Trường LHP', NULL, '0910000005', 5),
(10, 'HS010', 'Đỗ Thánh', '12C5', 'Bến Thành', 'Trường LHP', NULL, '0910000006', 6),
(11, 'HS011', 'Võ Tòng', '11B1', 'Thảo Cầm Viên', 'Trường LHP', NULL, '0910000007', 7),
(12, 'HS012', 'Võ Mèo', '6A1', 'Thảo Cầm Viên', 'Trường LHP', NULL, '0910000007', 7),
(13, 'HS013', 'Lý Quỳ', '10A2', 'Landmark 81', 'Trường LHP', NULL, '0910000008', 8),
(14, 'HS014', 'Tống Giang', '12A3', 'Crescent Mall', 'Trường LHP', NULL, '0910000009', 9),
(15, 'HS015', 'Lâm Xung', '11A4', 'Mega Market', 'Trường LHP', NULL, '0910000010', 10),
(16, 'HS016', 'Yến Thanh', '9A1', 'Landmark 81', 'Trường LHP', NULL, '0910000001', 1),
(17, 'HS017', 'Lư Tuấn Nghĩa', '8B2', 'Bến Thành', 'Trường LHP', NULL, '0910000002', 2),
(18, 'HS018', 'Ngô Dụng', '7C1', 'Crescent Mall', 'Trường LHP', NULL, '0910000003', 3),
(19, 'HS019', 'Công Tôn Thắng', '10A1', 'Thảo Cầm Viên', 'Trường LHP', NULL, '0910000004', 4),
(20, 'HS020', 'Quan Thắng', '11B2', 'Vivo City', 'Trường LHP', NULL, '0910000005', 5),
(21, 'HS021', 'Hô Diên Chước', '12C3', 'Mega Market', 'Trường LHP', NULL, '0910000006', 6),
(22, 'HS022', 'Tần Minh', '9A5', 'Landmark 81', 'Trường LHP', NULL, '0910000007', 7),
(23, 'HS023', 'Sài Tiến', '8A2', 'Crescent Mall', 'Trường LHP', NULL, '0910000008', 8),
(24, 'HS024', 'Lý Ứng', '7B3', 'Bến Thành', 'Trường LHP', NULL, '0910000009', 9),
(25, 'HS025', 'Hoa Vinh', '10C2', 'Mega Market', 'Trường LHP', NULL, '0910000010', 10),
(26, 'HS121', 'tuilaai', '10A1', '89 abcdef', 'thpt 123123', NULL, NULL, NULL);

-- --------------------------------------------------------

--
-- Cấu trúc bảng cho bảng `lichtrinh`
--

CREATE TABLE `lichtrinh` (
  `lichTrinhId` int(11) NOT NULL,
  `maLich` varchar(191) NOT NULL,
  `ngay` date DEFAULT NULL,
  `gioKhoiHanh` time DEFAULT NULL,
  `gioKetThuc` time DEFAULT NULL,
  `trangThai` varchar(191) DEFAULT 'scheduled',
  `ghiChu` varchar(191) DEFAULT NULL,
  `tuyenDuongId` int(11) DEFAULT NULL,
  `taiXeId` int(11) DEFAULT NULL,
  `xeBuytId` int(11) DEFAULT NULL
) ENGINE=InnoDB DEFAULT CHARSET=utf8mb4 COLLATE=utf8mb4_unicode_ci;

--
-- Đang đổ dữ liệu cho bảng `lichtrinh`
--

INSERT INTO `lichtrinh` (`lichTrinhId`, `maLich`, `ngay`, `gioKhoiHanh`, `gioKetThuc`, `trangThai`, `ghiChu`, `tuyenDuongId`, `taiXeId`, `xeBuytId`) VALUES
(1, 'TD-2025-12-02-M1', '2025-12-03', '02:55:59', '04:55:59', 'in_progress', 'Chuyến test map [RESET] - 2025-12-03 02:55:59', 1, 1, 1),
(2, 'TD-2025-12-02-M2', '2025-12-02', '06:15:00', '08:15:00', 'completed', 'Sáng Hôm Nay - Tuyến 2', 2, 2, 2),
(3, 'TD-2025-12-02-M3', '2025-12-02', '06:30:00', '08:30:00', 'completed', 'Sáng Hôm Nay - Tuyến 3', 3, 3, 3),
(4, 'TD-2025-12-02-A1', '2025-12-02', '16:00:00', '18:00:00', 'in_progress', 'Chiều Hôm Nay - Tuyến 1', 1, 1, 1),
(5, 'TD-2025-12-02-A2', '2025-12-02', '16:15:00', '18:15:00', 'scheduled', 'Chiều Hôm Nay - Tuyến 2', 2, 4, 4),
(6, 'TD-2025-12-02-A3', '2025-12-02', '16:30:00', '18:30:00', 'scheduled', 'Chiều Hôm Nay - Tuyến 3', 3, 5, 5),
(7, 'TM-2025-12-03-M1', '2025-12-03', '06:00:00', '08:00:00', 'scheduled', 'Sáng Mai - Tuyến 1', 1, 2, 2),
(8, 'TM-2025-12-03-M2', '2025-12-03', '06:15:00', '08:15:00', 'scheduled', 'Sáng Mai - Tuyến 2', 2, 3, 3),
(9, 'TM-2025-12-03-A1', '2025-12-03', '16:00:00', '18:00:00', 'scheduled', 'Chiều Mai - Tuyến 1', 1, 2, 2);

-- --------------------------------------------------------

--
-- Cấu trúc bảng cho bảng `maintenance`
--

CREATE TABLE `maintenance` (
  `maintenanceId` int(11) NOT NULL,
  `xeBuytId` int(11) NOT NULL,
  `loai` varchar(191) DEFAULT NULL,
  `moTa` varchar(191) DEFAULT NULL,
  `chipPhi` double DEFAULT NULL,
  `thoiGianBD` datetime(3) DEFAULT NULL,
  `thoiGianKT` datetime(3) DEFAULT NULL,
  `trangThai` varchar(191) DEFAULT 'pending'
) ENGINE=InnoDB DEFAULT CHARSET=utf8mb4 COLLATE=utf8mb4_unicode_ci;

-- --------------------------------------------------------

--
-- Cấu trúc bảng cho bảng `message`
--

CREATE TABLE `message` (
  `messageId` int(11) NOT NULL,
  `conversationId` int(11) NOT NULL,
  `userId` int(11) NOT NULL,
  `noiDung` varchar(191) NOT NULL,
  `thoiGianGui` datetime(3) NOT NULL DEFAULT current_timestamp(3),
  `daDoc` tinyint(1) NOT NULL DEFAULT 0,
  `anh` varchar(191) DEFAULT NULL
) ENGINE=InnoDB DEFAULT CHARSET=utf8mb4 COLLATE=utf8mb4_unicode_ci;

-- --------------------------------------------------------

--
-- Cấu trúc bảng cho bảng `phanconghocsinh`
--

CREATE TABLE `phanconghocsinh` (
  `phanCongId` int(11) NOT NULL,
  `hocSinhId` int(11) NOT NULL,
  `lichTrinhId` int(11) NOT NULL,
  `loaiPhanCong` enum('don','tra','ca_hai') DEFAULT 'don',
  `diemDonId` int(11) DEFAULT NULL,
  `diemTraId` int(11) DEFAULT NULL,
  `ghiChu` varchar(191) DEFAULT NULL
) ENGINE=InnoDB DEFAULT CHARSET=utf8mb4 COLLATE=utf8mb4_unicode_ci;

-- --------------------------------------------------------

--
-- Cấu trúc bảng cho bảng `phuhuynh`
--

CREATE TABLE `phuhuynh` (
  `phuHuynhId` int(11) NOT NULL,
  `userId` int(11) NOT NULL,
  `diaChiLienHe` varchar(191) DEFAULT NULL
) ENGINE=InnoDB DEFAULT CHARSET=utf8mb4 COLLATE=utf8mb4_unicode_ci;

--
-- Đang đổ dữ liệu cho bảng `phuhuynh`
--

INSERT INTO `phuhuynh` (`phuHuynhId`, `userId`, `diaChiLienHe`) VALUES
(1, 7, '100 Nguyễn Huệ, Q1'),
(2, 8, '200 Lê Lợi, Q1'),
(3, 9, '300 Pasteur, Q3'),
(4, 10, '400 Võ Văn Tần, Q3'),
(5, 11, '500 Điện Biên Phủ, BT'),
(6, 12, 'Landmark 81, BT'),
(7, 13, 'Thảo Điền, Q2'),
(8, 14, 'Khu Sala, Q2'),
(9, 15, 'Phú Mỹ Hưng, Q7'),
(10, 16, 'Lotte Mart, Q7');

-- --------------------------------------------------------

--
-- Cấu trúc bảng cho bảng `quanlyxebuyt`
--

CREATE TABLE `quanlyxebuyt` (
  `quanLyId` int(11) NOT NULL,
  `userId` int(11) NOT NULL
) ENGINE=InnoDB DEFAULT CHARSET=utf8mb4 COLLATE=utf8mb4_unicode_ci;

--
-- Đang đổ dữ liệu cho bảng `quanlyxebuyt`
--

INSERT INTO `quanlyxebuyt` (`quanLyId`, `userId`) VALUES
(1, 1);

-- --------------------------------------------------------

--
-- Cấu trúc bảng cho bảng `studenttrip`
--

CREATE TABLE `studenttrip` (
  `studentTripId` int(11) NOT NULL,
  `lichTrinhId` int(11) NOT NULL,
  `hocSinhId` int(11) NOT NULL,
  `trangThai` varchar(191) DEFAULT 'pending'
) ENGINE=InnoDB DEFAULT CHARSET=utf8mb4 COLLATE=utf8mb4_unicode_ci;

--
-- Đang đổ dữ liệu cho bảng `studenttrip`
--

INSERT INTO `studenttrip` (`studentTripId`, `lichTrinhId`, `hocSinhId`, `trangThai`) VALUES
(12, 4, 1, 'picked_up'),
(13, 4, 2, 'picked_up'),
(14, 4, 3, 'picked_up'),
(15, 4, 7, 'picked_up'),
(16, 4, 8, 'picked_up'),
(17, 4, 10, 'picked_up'),
(18, 4, 13, 'picked_up'),
(19, 4, 16, 'picked_up'),
(20, 4, 19, 'picked_up'),
(21, 4, 22, 'picked_up'),
(22, 4, 24, 'picked_up'),
(23, 7, 1, 'pending'),
(24, 7, 2, 'pending'),
(25, 7, 3, 'pending'),
(26, 7, 7, 'pending'),
(27, 2, 4, 'dropped_off'),
(28, 2, 5, 'dropped_off'),
(29, 2, 11, 'dropped_off'),
(30, 2, 12, 'dropped_off'),
(31, 2, 15, 'dropped_off'),
(32, 2, 17, 'dropped_off'),
(33, 2, 21, 'dropped_off'),
(34, 2, 25, 'dropped_off'),
(35, 5, 4, 'pending'),
(36, 5, 5, 'pending'),
(37, 5, 11, 'pending'),
(38, 5, 12, 'pending'),
(39, 5, 15, 'pending'),
(40, 5, 17, 'pending'),
(41, 5, 21, 'pending'),
(42, 5, 25, 'pending'),
(43, 3, 6, 'dropped_off'),
(44, 3, 9, 'dropped_off'),
(45, 3, 14, 'dropped_off'),
(46, 3, 18, 'dropped_off'),
(47, 3, 20, 'dropped_off'),
(48, 3, 23, 'dropped_off'),
(49, 6, 6, 'pending'),
(50, 6, 9, 'pending'),
(51, 6, 14, 'pending'),
(52, 6, 18, 'pending'),
(53, 6, 20, 'pending'),
(54, 6, 23, 'pending'),
(63, 1, 1, 'pending'),
(64, 1, 2, 'pending'),
(65, 1, 3, 'pending'),
(66, 1, 7, 'pending'),
(67, 1, 8, 'pending'),
(68, 1, 10, 'pending'),
(69, 1, 13, 'pending'),
(70, 1, 16, 'pending'),
(71, 1, 19, 'pending'),
(72, 1, 22, 'pending'),
(73, 1, 24, 'pending');

-- --------------------------------------------------------

--
-- Cấu trúc bảng cho bảng `supportticket`
--

CREATE TABLE `supportticket` (
  `ticketId` int(11) NOT NULL,
  `userId` int(11) NOT NULL,
  `tieude` varchar(191) NOT NULL,
  `moTa` varchar(191) DEFAULT NULL,
  `mucDoCap` varchar(191) DEFAULT 'normal',
  `trangThai` varchar(191) DEFAULT 'open',
  `thoiGianTao` datetime(3) NOT NULL DEFAULT current_timestamp(3),
  `thoiGianKhac` datetime(3) DEFAULT NULL
) ENGINE=InnoDB DEFAULT CHARSET=utf8mb4 COLLATE=utf8mb4_unicode_ci;

-- --------------------------------------------------------

--
-- Cấu trúc bảng cho bảng `taixe`
--

CREATE TABLE `taixe` (
  `taiXeId` int(11) NOT NULL,
  `userId` int(11) DEFAULT NULL,
  `hoTen` varchar(191) NOT NULL,
  `soDienThoai` varchar(191) DEFAULT NULL,
  `bienSoCapphep` varchar(191) DEFAULT NULL,
  `trangThai` varchar(191) DEFAULT 'active',
  `gioHeBay` double DEFAULT NULL,
  `soChuyenHT` int(11) DEFAULT 0
) ENGINE=InnoDB DEFAULT CHARSET=utf8mb4 COLLATE=utf8mb4_unicode_ci;

--
-- Đang đổ dữ liệu cho bảng `taixe`
--

INSERT INTO `taixe` (`taiXeId`, `userId`, `hoTen`, `soDienThoai`, `bienSoCapphep`, `trangThai`, `gioHeBay`, `soChuyenHT`) VALUES
(1, 2, 'Nguyễn Văn A', '0900000001', 'B2-001', 'active', 4.5, 0),
(2, 3, 'Trần Văn B', '0900000002', 'C-002', 'active', 4.8, 0),
(3, 4, 'Lê Văn C', '0900000003', 'D-003', 'active', 4.2, 0),
(4, 5, 'Phạm Văn D', '0900000004', 'E-004', 'active', 5, 0),
(5, 6, 'Hoàng Văn E', '0900000005', 'F-005', 'active', 4.9, 0);

-- --------------------------------------------------------

--
-- Cấu trúc bảng cho bảng `thongbao`
--

CREATE TABLE `thongbao` (
  `thongBaoId` int(11) NOT NULL,
  `phuHuynhId` int(11) DEFAULT NULL,
  `noiDung` varchar(191) DEFAULT NULL,
  `loai` varchar(191) DEFAULT NULL,
  `thoiGianGui` datetime(3) NOT NULL DEFAULT current_timestamp(3),
  `daDoc` tinyint(1) NOT NULL DEFAULT 0
) ENGINE=InnoDB DEFAULT CHARSET=utf8mb4 COLLATE=utf8mb4_unicode_ci;

--
-- Đang đổ dữ liệu cho bảng `thongbao`
--

INSERT INTO `thongbao` (`thongBaoId`, `phuHuynhId`, `noiDung`, `loai`, `thoiGianGui`, `daDoc`) VALUES
(1, 1, 'Học sinh Nguyễn Bé Cả đã được đón lên xe lúc 20:22.', 'pickup', '2025-12-02 13:22:04.675', 1),
(2, 1, 'Học sinh Nguyễn Bé Hai đã được đón lên xe lúc 20:22.', 'pickup', '2025-12-02 13:22:06.228', 1),
(3, 1, 'Học sinh Nguyễn Bé Út đã được đón lên xe lúc 20:22.', 'pickup', '2025-12-02 13:22:08.548', 1),
(4, 1, 'Học sinh Nguyễn Bé Cả đã được đón lên xe lúc 23:10.', 'pickup', '2025-12-02 16:10:07.489', 1),
(5, 1, 'Học sinh Nguyễn Bé Hai đã được đón lên xe lúc 23:10.', 'pickup', '2025-12-02 16:10:08.068', 1),
(6, 1, 'Học sinh Nguyễn Bé Út đã được đón lên xe lúc 23:10.', 'pickup', '2025-12-02 16:10:08.979', 1),
(7, 1, 'Học sinh Nguyễn Bé Cả đã được đón lên xe lúc 23:16.', 'pickup', '2025-12-02 16:16:44.431', 1),
(8, 1, 'Học sinh Nguyễn Bé Hai đã được đón lên xe lúc 23:16.', 'pickup', '2025-12-02 16:16:44.745', 1),
(9, 1, 'Học sinh Nguyễn Bé Út đã được đón lên xe lúc 23:16.', 'pickup', '2025-12-02 16:16:45.285', 1),
(10, 4, 'Học sinh Hoàng Huệ đã được đón lên xe lúc 23:16.', 'pickup', '2025-12-02 16:16:49.293', 0),
(11, 6, 'Học sinh Đỗ Thánh đã được đón lên xe lúc 23:16.', 'pickup', '2025-12-02 16:16:49.819', 0),
(12, 4, 'Học sinh Hoàng Hoa đã được đón lên xe lúc 23:16.', 'pickup', '2025-12-02 16:16:50.358', 0),
(13, 8, 'Học sinh Lý Quỳ đã được đón lên xe lúc 23:16.', 'pickup', '2025-12-02 16:16:53.025', 0),
(14, 1, 'Học sinh Yến Thanh đã được đón lên xe lúc 23:16.', 'pickup', '2025-12-02 16:16:53.422', 1),
(15, 4, 'Học sinh Công Tôn Thắng đã được đón lên xe lúc 23:16.', 'pickup', '2025-12-02 16:16:53.846', 0),
(16, 7, 'Học sinh Tần Minh đã được đón lên xe lúc 23:16.', 'pickup', '2025-12-02 16:16:55.603', 0),
(17, 9, 'Học sinh Lý Ứng đã được đón lên xe lúc 23:16.', 'pickup', '2025-12-02 16:16:56.105', 0),
(18, 1, 'Học sinh Nguyễn Bé Cả đã được đón lên xe lúc 23:33.', 'pickup', '2025-12-02 16:33:03.420', 1),
(19, 1, 'Học sinh Nguyễn Bé Cả đã được đón lên xe lúc 23:34.', 'pickup', '2025-12-02 16:34:06.463', 0);

-- --------------------------------------------------------

--
-- Cấu trúc bảng cho bảng `triprecord`
--

CREATE TABLE `triprecord` (
  `tripRecordId` int(11) NOT NULL,
  `lichTrinhId` int(11) NOT NULL,
  `taiXeId` int(11) NOT NULL,
  `thoiGianKD` datetime(3) DEFAULT NULL,
  `thoiGianKT` datetime(3) DEFAULT NULL,
  `soKmDiDuoc` double DEFAULT NULL,
  `tongHocSinh` int(11) DEFAULT NULL,
  `suCo` tinyint(1) NOT NULL DEFAULT 0,
  `moTaSuCo` varchar(191) DEFAULT NULL
) ENGINE=InnoDB DEFAULT CHARSET=utf8mb4 COLLATE=utf8mb4_unicode_ci;

--
-- Đang đổ dữ liệu cho bảng `triprecord`
--

INSERT INTO `triprecord` (`tripRecordId`, `lichTrinhId`, `taiXeId`, `thoiGianKD`, `thoiGianKT`, `soKmDiDuoc`, `tongHocSinh`, `suCo`, `moTaSuCo`) VALUES
(1, 4, 1, '2025-12-02 10:13:15.409', NULL, NULL, NULL, 0, NULL),
(2, 1, 1, '2025-12-02 19:58:00.972', NULL, NULL, NULL, 0, NULL);

-- --------------------------------------------------------

--
-- Cấu trúc bảng cho bảng `tuyenduong`
--

CREATE TABLE `tuyenduong` (
  `tuyenDuongId` int(11) NOT NULL,
  `maTuyen` varchar(191) NOT NULL,
  `tenTuyen` varchar(191) DEFAULT NULL,
  `trangThai` varchar(191) DEFAULT 'active'
) ENGINE=InnoDB DEFAULT CHARSET=utf8mb4 COLLATE=utf8mb4_unicode_ci;

--
-- Đang đổ dữ liệu cho bảng `tuyenduong`
--

INSERT INTO `tuyenduong` (`tuyenDuongId`, `maTuyen`, `tenTuyen`, `trangThai`) VALUES
(1, 'R01', 'Tuyến Trung Tâm (Q5 -> Bình Thạnh)', 'active'),
(2, 'R02', 'Tuyến Quận 2 (Q2 -> Q1)', 'active'),
(3, 'R03', 'Tuyến Quận 7 (Q7 -> Q5)', 'active');

-- --------------------------------------------------------

--
-- Cấu trúc bảng cho bảng `tuyenduong_diemdung`
--

CREATE TABLE `tuyenduong_diemdung` (
  `tuyenDuongId` int(11) NOT NULL,
  `diemDungId` int(11) NOT NULL,
  `thuTu` int(11) NOT NULL
) ENGINE=InnoDB DEFAULT CHARSET=utf8mb4 COLLATE=utf8mb4_unicode_ci;

--
-- Đang đổ dữ liệu cho bảng `tuyenduong_diemdung`
--

INSERT INTO `tuyenduong_diemdung` (`tuyenDuongId`, `diemDungId`, `thuTu`) VALUES
(1, 1, 1),
(1, 2, 2),
(1, 3, 3),
(1, 4, 4),
(1, 5, 5),
(2, 1, 4),
(2, 3, 3),
(2, 4, 2),
(2, 6, 1),
(3, 1, 4),
(3, 2, 3),
(3, 7, 1),
(3, 8, 2);

-- --------------------------------------------------------

--
-- Cấu trúc bảng cho bảng `user`
--

CREATE TABLE `user` (
  `userId` int(11) NOT NULL,
  `userCode` varchar(191) NOT NULL,
  `hoTen` varchar(191) DEFAULT NULL,
  `soDienThoai` varchar(191) DEFAULT NULL,
  `email` varchar(191) NOT NULL,
  `matKhau` varchar(191) DEFAULT NULL,
  `avatar` varchar(191) DEFAULT NULL,
  `trangThai` varchar(191) NOT NULL DEFAULT 'active',
  `taoLuc` datetime(3) NOT NULL DEFAULT current_timestamp(3),
  `capNhatLuc` datetime(3) NOT NULL
) ENGINE=InnoDB DEFAULT CHARSET=utf8mb4 COLLATE=utf8mb4_unicode_ci;

--
-- Đang đổ dữ liệu cho bảng `user`
--

INSERT INTO `user` (`userId`, `userCode`, `hoTen`, `soDienThoai`, `email`, `matKhau`, `avatar`, `trangThai`, `taoLuc`, `capNhatLuc`) VALUES
(1, 'ADMIN', 'Super Admin', '0900000000', 'admin@ssb.com', '123456', NULL, 'active', '2025-12-02 16:56:37.000', '2025-12-02 16:56:37.000'),
(2, 'TX01', 'Nguyễn Văn A (Tài 1)', '0900000001', 'tx1@ssb.com', '123456', NULL, 'active', '2025-12-02 16:56:37.000', '2025-12-02 16:56:37.000'),
(3, 'TX02', 'Trần Văn B (Tài 2)', '0900000002', 'tx2@ssb.com', '$2b$10$tJ0jM6/K8L9V4D6G.vE.WusxL.3tF9oA5F0iW2QyV7V6N8A7J4D4D', NULL, 'active', '2025-12-02 16:56:37.000', '2025-12-02 16:56:37.000'),
(4, 'TX03', 'Lê Văn C (Tài 3)', '0900000003', 'tx3@ssb.com', '$2b$10$tJ0jM6/K8L9V4D6G.vE.WusxL.3tF9oA5F0iW2QyV7V6N8A7J4D4D', NULL, 'active', '2025-12-02 16:56:37.000', '2025-12-02 16:56:37.000'),
(5, 'TX04', 'Phạm Văn D (Tài 4)', '0900000004', 'tx4@ssb.com', '$2b$10$tJ0jM6/K8L9V4D6G.vE.WusxL.3tF9oA5F0iW2QyV7V6N8A7J4D4D', NULL, 'active', '2025-12-02 16:56:37.000', '2025-12-02 16:56:37.000'),
(6, 'TX05', 'Hoàng Văn E (Tài 5)', '0900000005', 'tx5@ssb.com', '123456', NULL, 'active', '2025-12-02 16:56:37.000', '2025-12-02 16:56:37.000'),
(7, 'PH01', 'Gia Đình 3 Con (PH1)', '0910000001', 'ph1@ssb.com', '123456', NULL, 'active', '2025-12-02 16:56:37.000', '2025-12-02 16:56:37.000'),
(8, 'PH02', 'Gia Đình 2 Con (PH2)', '0910000002', 'ph2@ssb.com', '$2b$10$tJ0jM6/K8L9V4D6G.vE.WusxL.3tF9oA5F0iW2QyV7V6N8A7J4D4D', NULL, 'active', '2025-12-02 16:56:37.000', '2025-12-02 16:56:37.000'),
(9, 'PH03', 'Gia Đình 1 Con (PH3)', '0910000003', 'ph3@ssb.com', '$2b$10$tJ0jM6/K8L9V4D6G.vE.WusxL.3tF9oA5F0iW2QyV7V6N8A7J4D4D', NULL, 'active', '2025-12-02 16:56:37.000', '2025-12-02 16:56:37.000'),
(10, 'PH04', 'Gia Đình 2 Con (PH4)', '0910000004', 'ph4@ssb.com', '$2b$10$tJ0jM6/K8L9V4D6G.vE.WusxL.3tF9oA5F0iW2QyV7V6N8A7J4D4D', NULL, 'active', '2025-12-02 16:56:37.000', '2025-12-02 16:56:37.000'),
(11, 'PH05', 'Gia Đình 1 Con (PH5)', '0910000005', 'ph5@ssb.com', '$2b$10$tJ0jM6/K8L9V4D6G.vE.WusxL.3tF9oA5F0iW2QyV7V6N8A7J4D4D', NULL, 'active', '2025-12-02 16:56:37.000', '2025-12-02 16:56:37.000'),
(12, 'PH06', 'Phụ Huynh Vip (PH6)', '0910000006', 'ph6@ssb.com', '$2b$10$tJ0jM6/K8L9V4D6G.vE.WusxL.3tF9oA5F0iW2QyV7V6N8A7J4D4D', NULL, 'active', '2025-12-02 16:56:37.000', '2025-12-02 16:56:37.000'),
(13, 'PH07', 'Phụ Huynh Mới (PH7)', '0910000007', 'ph7@ssb.com', '$2b$10$tJ0jM6/K8L9V4D6G.vE.WusxL.3tF9oA5F0iW2QyV7V6N8A7J4D4D', NULL, 'active', '2025-12-02 16:56:37.000', '2025-12-02 16:56:37.000'),
(14, 'PH08', 'Phụ Huynh 8', '0910000008', 'ph8@ssb.com', '$2b$10$tJ0jM6/K8L9V4D6G.vE.WusxL.3tF9oA5F0iW2QyV7V6N8A7J4D4D', NULL, 'active', '2025-12-02 16:56:37.000', '2025-12-02 16:56:37.000'),
(15, 'PH09', 'Phụ Huynh 9', '0910000009', 'ph9@ssb.com', '$2b$10$tJ0jM6/K8L9V4D6G.vE.WusxL.3tF9oA5F0iW2QyV7V6N8A7J4D4D', NULL, 'active', '2025-12-02 16:56:37.000', '2025-12-02 16:56:37.000'),
(16, 'PH10', 'Phụ Huynh 10', '0910000010', 'ph10@ssb.com', '$2b$10$tJ0jM6/K8L9V4D6G.vE.WusxL.3tF9oA5F0iW2QyV7V6N8A7J4D4D', NULL, 'active', '2025-12-02 16:56:37.000', '2025-12-02 16:56:37.000');

-- --------------------------------------------------------

--
-- Cấu trúc bảng cho bảng `usersettings`
--

CREATE TABLE `usersettings` (
  `settingId` int(11) NOT NULL,
  `userId` int(11) NOT NULL,
  `thongBaoEmail` tinyint(1) NOT NULL DEFAULT 1,
  `thongBaoSMS` tinyint(1) NOT NULL DEFAULT 1,
  `thongBaoPush` tinyint(1) NOT NULL DEFAULT 1,
  `thoiBieu` varchar(191) DEFAULT NULL,
  `ngonNgu` varchar(191) DEFAULT 'vi'
) ENGINE=InnoDB DEFAULT CHARSET=utf8mb4 COLLATE=utf8mb4_unicode_ci;

-- --------------------------------------------------------

--
-- Cấu trúc bảng cho bảng `vitri`
--

CREATE TABLE `vitri` (
  `viTriId` int(11) NOT NULL,
  `xeBuytId` int(11) NOT NULL,
  `vido` double DEFAULT NULL,
  `kinhdo` double DEFAULT NULL,
  `thoiGian` datetime(3) NOT NULL DEFAULT current_timestamp(3)
) ENGINE=InnoDB DEFAULT CHARSET=utf8mb4 COLLATE=utf8mb4_unicode_ci;

--
-- Đang đổ dữ liệu cho bảng `vitri`
--

INSERT INTO `vitri` (`viTriId`, `xeBuytId`, `vido`, `kinhdo`, `thoiGian`) VALUES
(368, 1, 10.762724, 106.682191, '2025-12-02 16:32:03.336'),
(369, 1, 10.763419, 106.682532, '2025-12-02 16:32:05.341'),
(370, 1, 10.764754, 106.681986, '2025-12-02 16:32:07.342'),
(371, 1, 10.765323, 106.68192, '2025-12-02 16:32:09.344'),
(372, 1, 10.765629, 106.68191, '2025-12-02 16:32:11.359'),
(373, 1, 10.76815, 106.684388, '2025-12-02 16:32:13.369'),
(374, 1, 10.770034, 106.686122, '2025-12-02 16:32:15.376'),
(375, 1, 10.770773, 106.686804, '2025-12-02 16:32:17.379'),
(376, 1, 10.772403, 106.688332, '2025-12-02 16:32:19.392'),
(377, 1, 10.773471, 106.689571, '2025-12-02 16:32:21.392'),
(378, 1, 10.77242, 106.691543, '2025-12-02 16:32:23.407'),
(379, 1, 10.77146, 106.693104, '2025-12-02 16:32:25.409'),
(380, 1, 10.771303, 106.69306, '2025-12-02 16:32:27.424'),
(381, 1, 10.771193, 106.693278, '2025-12-02 16:32:29.426'),
(382, 1, 10.771256, 106.693433, '2025-12-02 16:32:31.428'),
(383, 1, 10.771513, 106.693551, '2025-12-02 16:32:33.440'),
(384, 1, 10.773249, 106.696072, '2025-12-02 16:32:35.441'),
(385, 1, 10.772542, 106.698021, '2025-12-02 16:32:37.444'),
(386, 1, 10.775343, 106.698609, '2025-12-02 16:32:41.443'),
(387, 1, 10.776802, 106.699923, '2025-12-02 16:32:43.443'),
(388, 1, 10.777189, 106.699509, '2025-12-02 16:32:45.443'),
(389, 1, 10.778152, 106.698459, '2025-12-02 16:32:47.443'),
(390, 1, 10.779785, 106.699018, '2025-12-02 16:32:49.444'),
(391, 1, 10.781476, 106.699636, '2025-12-02 16:32:53.443'),
(392, 1, 10.783612, 106.698789, '2025-12-02 16:32:55.443'),
(393, 1, 10.78474, 106.699842, '2025-12-02 16:32:57.444'),
(394, 1, 10.785451, 106.700511, '2025-12-02 16:32:59.460'),
(395, 1, 10.786557, 106.701646, '2025-12-02 16:33:01.461'),
(396, 1, 10.787614, 106.7026, '2025-12-02 16:33:03.461'),
(397, 1, 10.788606, 106.703544, '2025-12-02 16:33:05.465'),
(398, 1, 10.787602, 106.705139, '2025-12-02 16:33:07.469'),
(399, 1, 10.788355, 106.709867, '2025-12-02 16:33:11.478'),
(400, 1, 10.788916, 106.710274, '2025-12-02 16:33:13.492'),
(401, 1, 10.789342, 106.710862, '2025-12-02 16:33:15.501'),
(402, 1, 10.789516, 106.711365, '2025-12-02 16:33:17.511'),
(403, 1, 10.789537, 106.712087, '2025-12-02 16:33:19.511'),
(404, 1, 10.789, 106.71465, '2025-12-02 16:33:21.521'),
(405, 1, 10.788927, 106.715359, '2025-12-02 16:33:23.528'),
(406, 1, 10.789081, 106.716071, '2025-12-02 16:33:25.542'),
(407, 1, 10.789213, 106.716616, '2025-12-02 16:33:27.541'),
(408, 1, 10.789456, 106.716865, '2025-12-02 16:33:29.542'),
(409, 1, 10.789995, 106.717738, '2025-12-02 16:33:31.545'),
(410, 1, 10.790636, 106.718179, '2025-12-02 16:33:33.545'),
(411, 1, 10.791431, 106.718343, '2025-12-02 16:33:35.547'),
(412, 1, 10.793666, 106.718378, '2025-12-02 16:33:37.552'),
(413, 1, 10.794852, 106.718405, '2025-12-02 16:33:39.562'),
(414, 1, 10.795379, 106.71855, '2025-12-02 16:33:41.562'),
(415, 1, 10.796019, 106.71904, '2025-12-02 16:33:43.562'),
(416, 1, 10.794939, 106.721773, '2025-12-02 16:33:45.572'),
(417, 1, 10.796298, 106.720953, '2025-12-02 16:33:49.590'),
(418, 1, 10.795522, 106.719583, '2025-12-02 16:33:51.593'),
(419, 1, 10.796415, 106.719551, '2025-12-02 16:33:53.594'),
(420, 1, 10.797208, 106.72034, '2025-12-02 16:33:55.597'),
(421, 1, 10.797511, 106.720338, '2025-12-02 16:33:57.612'),
(422, 1, 10.797669, 106.720238, '2025-12-02 16:33:59.629'),
(423, 1, 10.79662, 106.719169, '2025-12-02 16:34:01.629'),
(424, 1, 10.795956, 106.71854, '2025-12-02 16:34:03.629'),
(425, 1, 10.795396, 106.718198, '2025-12-02 16:34:05.629'),
(426, 1, 10.795013, 106.718094, '2025-12-02 16:34:07.629'),
(427, 1, 10.794446, 106.718079, '2025-12-02 16:34:09.630'),
(428, 1, 10.792604, 106.718064, '2025-12-02 16:34:11.629'),
(429, 1, 10.79155, 106.71807, '2025-12-02 16:34:13.630'),
(430, 1, 10.790752, 106.717939, '2025-12-02 16:34:15.630'),
(431, 1, 10.79015, 106.717526, '2025-12-02 16:34:17.630'),
(432, 1, 10.789682, 106.716763, '2025-12-02 16:34:19.638'),
(433, 1, 10.789421, 106.715975, '2025-12-02 16:34:21.647'),
(434, 1, 10.789298, 106.715462, '2025-12-02 16:34:23.647'),
(435, 1, 10.789382, 106.714374, '2025-12-02 16:34:25.660'),
(436, 1, 10.789668, 106.712201, '2025-12-02 16:34:27.663'),
(437, 1, 10.789616, 106.711228, '2025-12-02 16:34:29.666'),
(438, 1, 10.789098, 106.710249, '2025-12-02 16:34:31.680'),
(439, 1, 10.788276, 106.709697, '2025-12-02 16:34:33.680'),
(440, 1, 10.786666, 106.709056, '2025-12-02 16:34:35.692'),
(441, 1, 10.785261, 106.708427, '2025-12-02 16:34:37.704'),
(442, 1, 10.784631, 106.708021, '2025-12-02 16:34:39.711'),
(443, 1, 10.782513, 106.706197, '2025-12-02 16:34:41.722'),
(444, 1, 10.78473, 106.703688, '2025-12-02 16:34:43.726'),
(445, 1, 10.783611, 106.702627, '2025-12-02 16:34:45.726'),
(446, 1, 10.78228, 106.701648, '2025-12-02 16:34:47.739'),
(447, 1, 10.779785, 106.699018, '2025-12-02 16:34:49.745'),
(448, 1, 10.772082, 106.692327, '2025-12-02 16:34:53.765'),
(449, 1, 10.772724, 106.691155, '2025-12-02 16:34:55.780'),
(450, 1, 10.773696, 106.689399, '2025-12-02 16:34:57.781'),
(451, 1, 10.772297, 106.688105, '2025-12-02 16:34:59.781'),
(452, 1, 10.771334, 106.687217, '2025-12-02 16:35:01.781'),
(453, 1, 10.770499, 106.686434, '2025-12-02 16:35:03.780'),
(454, 1, 10.769678, 106.685647, '2025-12-02 16:35:05.797'),
(455, 1, 10.768177, 106.684187, '2025-12-02 16:35:07.808'),
(456, 1, 10.765887, 106.682032, '2025-12-02 16:35:09.818'),
(457, 1, 10.765679, 106.681628, '2025-12-02 16:35:11.821'),
(458, 1, 10.765524, 106.681428, '2025-12-02 16:35:13.824'),
(459, 1, 10.765307, 106.681433, '2025-12-02 16:35:15.831'),
(460, 1, 10.765166, 106.681611, '2025-12-02 16:35:17.835'),
(461, 1, 10.764188, 106.682066, '2025-12-02 16:35:19.845'),
(462, 1, 10.762622, 106.682228, '2025-12-02 16:35:21.854'),
(463, 1, 10.762724, 106.682191, '2025-12-02 16:35:31.884'),
(464, 1, 10.763419, 106.682532, '2025-12-02 16:35:33.899'),
(465, 1, 10.764754, 106.681986, '2025-12-02 16:35:35.915'),
(466, 1, 10.765323, 106.68192, '2025-12-02 16:35:37.917'),
(467, 1, 10.765629, 106.68191, '2025-12-02 16:35:39.932'),
(468, 1, 10.76815, 106.684388, '2025-12-02 16:35:41.940'),
(469, 1, 10.770034, 106.686122, '2025-12-02 16:35:43.948'),
(470, 1, 10.770773, 106.686804, '2025-12-02 16:35:45.955'),
(471, 1, 10.772403, 106.688332, '2025-12-02 16:35:47.972'),
(472, 1, 10.773471, 106.689571, '2025-12-02 16:35:49.975'),
(473, 1, 10.77242, 106.691543, '2025-12-02 16:35:51.981'),
(474, 1, 10.77146, 106.693104, '2025-12-02 16:35:53.994'),
(475, 1, 10.771303, 106.69306, '2025-12-02 16:35:55.998'),
(476, 1, 10.771193, 106.693278, '2025-12-02 16:35:58.006'),
(477, 1, 10.771256, 106.693433, '2025-12-02 16:36:00.006'),
(478, 1, 10.771513, 106.693551, '2025-12-02 16:36:02.016'),
(479, 1, 10.773249, 106.696072, '2025-12-02 16:36:04.030'),
(480, 1, 10.772542, 106.698021, '2025-12-02 16:36:06.032'),
(481, 1, 10.775343, 106.698609, '2025-12-02 16:36:10.046'),
(482, 1, 10.776802, 106.699923, '2025-12-02 16:36:12.046'),
(483, 1, 10.777189, 106.699509, '2025-12-02 16:36:14.048'),
(484, 1, 10.778152, 106.698459, '2025-12-02 16:36:16.056'),
(485, 1, 10.779785, 106.699018, '2025-12-02 16:36:18.074'),
(486, 1, 10.781476, 106.699636, '2025-12-02 16:36:22.087'),
(487, 1, 10.783612, 106.698789, '2025-12-02 16:36:24.099'),
(488, 1, 10.78474, 106.699842, '2025-12-02 16:36:26.106'),
(489, 1, 10.785451, 106.700511, '2025-12-02 16:36:28.108'),
(490, 1, 10.786557, 106.701646, '2025-12-02 16:36:30.116'),
(491, 1, 10.787614, 106.7026, '2025-12-02 16:36:32.116'),
(492, 1, 10.788606, 106.703544, '2025-12-02 16:36:34.116'),
(493, 1, 10.787602, 106.705139, '2025-12-02 16:36:36.117'),
(494, 1, 10.788355, 106.709867, '2025-12-02 16:36:40.125'),
(495, 1, 10.788916, 106.710274, '2025-12-02 16:36:42.126'),
(496, 1, 10.789342, 106.710862, '2025-12-02 16:36:44.128'),
(497, 1, 10.789516, 106.711365, '2025-12-02 16:36:46.130'),
(498, 1, 10.789537, 106.712087, '2025-12-02 16:36:48.132'),
(499, 1, 10.789, 106.71465, '2025-12-02 16:36:50.141'),
(500, 1, 10.788927, 106.715359, '2025-12-02 16:36:52.150'),
(501, 1, 10.789081, 106.716071, '2025-12-02 16:36:54.155'),
(502, 1, 10.789213, 106.716616, '2025-12-02 16:36:56.163'),
(503, 1, 10.789456, 106.716865, '2025-12-02 16:36:58.171'),
(504, 1, 10.789995, 106.717738, '2025-12-02 16:37:00.186'),
(505, 1, 10.790636, 106.718179, '2025-12-02 16:37:02.201'),
(506, 1, 10.791431, 106.718343, '2025-12-02 16:37:04.201'),
(507, 1, 10.793666, 106.718378, '2025-12-02 16:37:06.216'),
(508, 1, 10.794852, 106.718405, '2025-12-02 16:37:08.218'),
(509, 1, 10.795379, 106.71855, '2025-12-02 16:37:10.232'),
(510, 1, 10.796019, 106.71904, '2025-12-02 16:37:12.240'),
(511, 1, 10.794939, 106.721773, '2025-12-02 16:37:14.249'),
(512, 1, 10.796298, 106.720953, '2025-12-02 16:37:18.263'),
(513, 1, 10.795522, 106.719583, '2025-12-02 16:37:20.267'),
(514, 1, 10.796415, 106.719551, '2025-12-02 16:37:22.282'),
(515, 1, 10.797208, 106.72034, '2025-12-02 16:37:24.288'),
(516, 1, 10.797511, 106.720338, '2025-12-02 16:37:26.296'),
(517, 1, 10.797669, 106.720238, '2025-12-02 16:37:28.295'),
(518, 1, 10.79662, 106.719169, '2025-12-02 16:37:30.302'),
(519, 1, 10.795956, 106.71854, '2025-12-02 16:37:32.315'),
(520, 1, 10.795396, 106.718198, '2025-12-02 16:37:34.316'),
(521, 1, 10.795013, 106.718094, '2025-12-02 16:37:36.324'),
(522, 1, 10.794446, 106.718079, '2025-12-02 16:37:38.332'),
(523, 1, 10.792604, 106.718064, '2025-12-02 16:37:40.343'),
(524, 1, 10.79155, 106.71807, '2025-12-02 16:37:42.355'),
(525, 1, 10.790752, 106.717939, '2025-12-02 16:37:44.361'),
(526, 1, 10.79015, 106.717526, '2025-12-02 16:37:46.376'),
(527, 1, 10.789682, 106.716763, '2025-12-02 16:37:48.384'),
(528, 1, 10.789421, 106.715975, '2025-12-02 16:37:50.386'),
(529, 1, 10.789298, 106.715462, '2025-12-02 16:37:52.399'),
(530, 1, 10.789382, 106.714374, '2025-12-02 16:37:54.410'),
(531, 1, 10.789668, 106.712201, '2025-12-02 16:37:56.410'),
(532, 1, 10.789616, 106.711228, '2025-12-02 16:37:58.411'),
(533, 1, 10.789098, 106.710249, '2025-12-02 16:38:00.420'),
(534, 1, 10.788276, 106.709697, '2025-12-02 16:38:02.426'),
(535, 1, 10.786666, 106.709056, '2025-12-02 16:38:04.435'),
(536, 1, 10.785261, 106.708427, '2025-12-02 16:38:06.440'),
(537, 1, 10.784631, 106.708021, '2025-12-02 16:38:08.444'),
(538, 1, 10.782513, 106.706197, '2025-12-02 16:38:10.447'),
(539, 1, 10.78473, 106.703688, '2025-12-02 16:38:12.459'),
(540, 1, 10.783611, 106.702627, '2025-12-02 16:38:14.469'),
(541, 1, 10.78228, 106.701648, '2025-12-02 16:38:16.482'),
(542, 1, 10.779785, 106.699018, '2025-12-02 16:38:18.498'),
(543, 1, 10.772082, 106.692327, '2025-12-02 16:38:22.504'),
(544, 1, 10.772724, 106.691155, '2025-12-02 16:38:24.519'),
(545, 1, 10.773696, 106.689399, '2025-12-02 16:38:26.533'),
(546, 1, 10.772297, 106.688105, '2025-12-02 16:38:28.543'),
(547, 1, 10.771334, 106.687217, '2025-12-02 16:38:30.555'),
(548, 1, 10.770499, 106.686434, '2025-12-02 16:38:32.556'),
(549, 1, 10.769678, 106.685647, '2025-12-02 16:38:34.562'),
(550, 1, 10.768177, 106.684187, '2025-12-02 16:38:36.586'),
(551, 1, 10.765887, 106.682032, '2025-12-02 16:38:38.595'),
(552, 1, 10.765679, 106.681628, '2025-12-02 16:38:40.609'),
(553, 1, 10.765524, 106.681428, '2025-12-02 16:38:42.614'),
(554, 1, 10.765307, 106.681433, '2025-12-02 16:38:44.623'),
(555, 1, 10.765166, 106.681611, '2025-12-02 16:38:46.629'),
(556, 1, 10.764188, 106.682066, '2025-12-02 16:38:48.643'),
(557, 1, 10.762622, 106.682228, '2025-12-02 16:38:50.655'),
(558, 1, 10.762724, 106.682191, '2025-12-02 16:39:00.702'),
(559, 1, 10.763419, 106.682532, '2025-12-02 16:39:02.728'),
(560, 1, 10.764754, 106.681986, '2025-12-02 16:39:04.732'),
(561, 1, 10.765323, 106.68192, '2025-12-02 16:39:06.733'),
(562, 1, 10.765629, 106.68191, '2025-12-02 16:39:08.742'),
(563, 1, 10.76815, 106.684388, '2025-12-02 16:39:10.757'),
(564, 1, 10.770034, 106.686122, '2025-12-02 16:39:12.760'),
(565, 1, 10.770773, 106.686804, '2025-12-02 16:39:14.767'),
(566, 1, 10.772403, 106.688332, '2025-12-02 16:39:16.770'),
(567, 1, 10.773471, 106.689571, '2025-12-02 16:39:18.781'),
(568, 1, 10.77242, 106.691543, '2025-12-02 16:39:20.787'),
(569, 1, 10.77146, 106.693104, '2025-12-02 16:39:22.796'),
(570, 1, 10.771303, 106.69306, '2025-12-02 16:39:24.802'),
(571, 1, 10.771193, 106.693278, '2025-12-02 16:39:26.801'),
(572, 1, 10.771256, 106.693433, '2025-12-02 16:39:28.802'),
(573, 1, 10.771513, 106.693551, '2025-12-02 16:39:30.808'),
(574, 1, 10.773249, 106.696072, '2025-12-02 16:39:32.816'),
(575, 1, 10.772542, 106.698021, '2025-12-02 16:39:34.816'),
(576, 1, 10.775343, 106.698609, '2025-12-02 16:39:38.830'),
(577, 1, 10.776802, 106.699923, '2025-12-02 16:39:40.836'),
(578, 1, 10.777189, 106.699509, '2025-12-02 16:39:42.844'),
(579, 1, 10.778152, 106.698459, '2025-12-02 16:39:44.845'),
(580, 1, 10.779785, 106.699018, '2025-12-02 16:39:46.849'),
(581, 1, 10.781476, 106.699636, '2025-12-02 16:39:50.870'),
(582, 1, 10.783612, 106.698789, '2025-12-02 16:39:52.870'),
(583, 1, 10.78474, 106.699842, '2025-12-02 16:39:54.886'),
(584, 1, 10.785451, 106.700511, '2025-12-02 16:39:56.895'),
(585, 1, 10.786557, 106.701646, '2025-12-02 16:39:58.903'),
(586, 1, 10.787614, 106.7026, '2025-12-02 16:40:00.910'),
(587, 1, 10.788606, 106.703544, '2025-12-02 16:40:02.918'),
(588, 1, 10.787602, 106.705139, '2025-12-02 16:40:04.934'),
(589, 1, 10.788355, 106.709867, '2025-12-02 16:40:08.947'),
(590, 1, 10.788916, 106.710274, '2025-12-02 16:40:10.954'),
(591, 1, 10.789342, 106.710862, '2025-12-02 16:40:12.960'),
(592, 1, 10.789516, 106.711365, '2025-12-02 16:40:14.961'),
(593, 1, 10.789537, 106.712087, '2025-12-02 16:40:16.961'),
(594, 1, 10.789, 106.71465, '2025-12-02 16:40:18.966'),
(595, 1, 10.788927, 106.715359, '2025-12-02 16:40:20.973'),
(596, 1, 10.789081, 106.716071, '2025-12-02 16:40:22.985'),
(597, 1, 10.789213, 106.716616, '2025-12-02 16:40:24.994'),
(598, 1, 10.789456, 106.716865, '2025-12-02 16:40:27.001'),
(599, 1, 10.789995, 106.717738, '2025-12-02 16:40:29.003'),
(600, 1, 10.790636, 106.718179, '2025-12-02 16:40:31.006'),
(601, 1, 10.791431, 106.718343, '2025-12-02 16:40:33.007'),
(602, 1, 10.793666, 106.718378, '2025-12-02 16:40:35.007'),
(603, 1, 10.794852, 106.718405, '2025-12-02 16:40:37.014'),
(604, 1, 10.795379, 106.71855, '2025-12-02 16:40:39.026'),
(605, 1, 10.796019, 106.71904, '2025-12-02 16:40:41.038'),
(606, 1, 10.794939, 106.721773, '2025-12-02 16:40:43.044'),
(607, 1, 10.796298, 106.720953, '2025-12-02 16:40:47.062'),
(608, 1, 10.795522, 106.719583, '2025-12-02 16:40:49.074'),
(609, 1, 10.796415, 106.719551, '2025-12-02 16:40:51.082'),
(610, 1, 10.797208, 106.72034, '2025-12-02 16:40:53.084'),
(611, 1, 10.797511, 106.720338, '2025-12-02 16:40:55.094'),
(612, 1, 10.797669, 106.720238, '2025-12-02 16:40:57.094'),
(613, 1, 10.79662, 106.719169, '2025-12-02 16:40:59.106'),
(614, 1, 10.795956, 106.71854, '2025-12-02 16:41:01.106'),
(615, 1, 10.795396, 106.718198, '2025-12-02 16:41:03.109'),
(616, 1, 10.795013, 106.718094, '2025-12-02 16:41:05.115'),
(617, 1, 10.794446, 106.718079, '2025-12-02 16:41:07.124'),
(618, 1, 10.792604, 106.718064, '2025-12-02 16:41:09.132'),
(619, 1, 10.79155, 106.71807, '2025-12-02 16:41:11.132'),
(620, 1, 10.790752, 106.717939, '2025-12-02 16:41:13.141'),
(621, 1, 10.79015, 106.717526, '2025-12-02 16:41:15.141'),
(622, 1, 10.789682, 106.716763, '2025-12-02 16:41:17.153'),
(623, 1, 10.789421, 106.715975, '2025-12-02 16:41:19.154'),
(624, 1, 10.789298, 106.715462, '2025-12-02 16:41:21.157'),
(625, 1, 10.789382, 106.714374, '2025-12-02 16:41:23.166'),
(626, 1, 10.789668, 106.712201, '2025-12-02 16:41:25.174'),
(627, 1, 10.789616, 106.711228, '2025-12-02 16:41:27.186'),
(628, 1, 10.789098, 106.710249, '2025-12-02 16:41:29.193'),
(629, 1, 10.788276, 106.709697, '2025-12-02 16:41:31.200'),
(630, 1, 10.786666, 106.709056, '2025-12-02 16:41:33.207'),
(631, 1, 10.785261, 106.708427, '2025-12-02 16:41:35.216'),
(632, 1, 10.784631, 106.708021, '2025-12-02 16:41:37.223'),
(633, 1, 10.782513, 106.706197, '2025-12-02 16:41:39.237'),
(634, 1, 10.78473, 106.703688, '2025-12-02 16:41:41.258'),
(635, 1, 10.783611, 106.702627, '2025-12-02 16:41:43.268'),
(636, 1, 10.78228, 106.701648, '2025-12-02 16:41:45.275'),
(637, 1, 10.779785, 106.699018, '2025-12-02 16:41:47.280'),
(638, 1, 10.772082, 106.692327, '2025-12-02 16:41:51.291'),
(639, 1, 10.772724, 106.691155, '2025-12-02 16:41:53.292'),
(640, 1, 10.773696, 106.689399, '2025-12-02 16:41:55.292'),
(641, 1, 10.772297, 106.688105, '2025-12-02 16:41:57.301'),
(642, 1, 10.771334, 106.687217, '2025-12-02 16:41:59.309'),
(643, 1, 10.770499, 106.686434, '2025-12-02 16:42:01.317'),
(644, 1, 10.769678, 106.685647, '2025-12-02 16:42:03.331'),
(645, 1, 10.768177, 106.684187, '2025-12-02 16:42:05.342'),
(646, 1, 10.765887, 106.682032, '2025-12-02 16:42:07.355'),
(647, 1, 10.765679, 106.681628, '2025-12-02 16:42:09.359'),
(648, 1, 10.765524, 106.681428, '2025-12-02 16:42:11.359'),
(649, 1, 10.765307, 106.681433, '2025-12-02 16:42:13.369'),
(650, 1, 10.765166, 106.681611, '2025-12-02 16:42:15.382'),
(651, 1, 10.764188, 106.682066, '2025-12-02 16:42:17.393'),
(652, 1, 10.762622, 106.682228, '2025-12-02 16:42:19.410'),
(653, 1, 10.762724, 106.682191, '2025-12-02 16:42:29.432'),
(654, 1, 10.763419, 106.682532, '2025-12-02 16:42:31.440'),
(655, 1, 10.764754, 106.681986, '2025-12-02 16:42:33.440'),
(656, 1, 10.765323, 106.68192, '2025-12-02 16:42:35.459'),
(657, 1, 10.765629, 106.68191, '2025-12-02 16:42:37.460'),
(658, 1, 10.76815, 106.684388, '2025-12-02 16:42:39.477'),
(659, 1, 10.770034, 106.686122, '2025-12-02 16:42:41.487'),
(660, 1, 10.770773, 106.686804, '2025-12-02 16:42:43.488'),
(661, 1, 10.772403, 106.688332, '2025-12-02 16:42:45.504'),
(662, 1, 10.773471, 106.689571, '2025-12-02 16:42:47.507'),
(663, 1, 10.77242, 106.691543, '2025-12-02 16:42:49.508'),
(664, 1, 10.77146, 106.693104, '2025-12-02 16:42:51.519'),
(665, 1, 10.771303, 106.69306, '2025-12-02 16:42:53.521'),
(666, 1, 10.771193, 106.693278, '2025-12-02 16:42:55.522'),
(667, 1, 10.771256, 106.693433, '2025-12-02 16:42:57.529'),
(668, 1, 10.771513, 106.693551, '2025-12-02 16:42:59.544'),
(669, 1, 10.773249, 106.696072, '2025-12-02 16:43:01.545'),
(670, 1, 10.772542, 106.698021, '2025-12-02 16:43:03.552'),
(671, 1, 10.775343, 106.698609, '2025-12-02 16:43:07.566'),
(672, 1, 10.776802, 106.699923, '2025-12-02 16:43:09.568'),
(673, 1, 10.777189, 106.699509, '2025-12-02 16:43:11.567'),
(674, 1, 10.778152, 106.698459, '2025-12-02 16:43:13.567'),
(675, 1, 10.779785, 106.699018, '2025-12-02 16:43:15.579'),
(676, 1, 10.781476, 106.699636, '2025-12-02 16:43:19.590'),
(677, 1, 10.783612, 106.698789, '2025-12-02 16:43:21.599'),
(678, 1, 10.78474, 106.699842, '2025-12-02 16:43:23.604'),
(679, 1, 10.785451, 106.700511, '2025-12-02 16:43:25.617'),
(680, 1, 10.786557, 106.701646, '2025-12-02 16:43:27.623'),
(681, 1, 10.787614, 106.7026, '2025-12-02 16:43:29.630'),
(682, 1, 10.788606, 106.703544, '2025-12-02 16:43:31.644'),
(683, 1, 10.787602, 106.705139, '2025-12-02 16:43:33.646'),
(684, 1, 10.788355, 106.709867, '2025-12-02 16:43:37.664'),
(685, 1, 10.788916, 106.710274, '2025-12-02 16:43:39.677'),
(686, 1, 10.789342, 106.710862, '2025-12-02 16:43:41.685'),
(687, 1, 10.789516, 106.711365, '2025-12-02 16:43:43.692'),
(688, 1, 10.789537, 106.712087, '2025-12-02 16:43:45.694'),
(689, 1, 10.789, 106.71465, '2025-12-02 16:43:47.712'),
(690, 1, 10.788927, 106.715359, '2025-12-02 16:43:49.720'),
(691, 1, 10.789081, 106.716071, '2025-12-02 16:43:51.727'),
(692, 1, 10.789213, 106.716616, '2025-12-02 16:43:53.728'),
(693, 1, 10.789456, 106.716865, '2025-12-02 16:43:55.740'),
(694, 1, 10.789995, 106.717738, '2025-12-02 16:43:57.740'),
(695, 1, 10.790636, 106.718179, '2025-12-02 16:43:59.743'),
(696, 1, 10.791431, 106.718343, '2025-12-02 16:44:01.748'),
(697, 1, 10.793666, 106.718378, '2025-12-02 16:44:03.754'),
(698, 1, 10.794852, 106.718405, '2025-12-02 16:44:05.762'),
(699, 1, 10.795379, 106.71855, '2025-12-02 16:44:07.762'),
(700, 1, 10.796019, 106.71904, '2025-12-02 16:44:09.771'),
(701, 1, 10.794939, 106.721773, '2025-12-02 16:44:11.780'),
(702, 1, 10.796298, 106.720953, '2025-12-02 16:44:15.796'),
(703, 1, 10.795522, 106.719583, '2025-12-02 16:44:17.807'),
(704, 1, 10.796415, 106.719551, '2025-12-02 16:44:19.813'),
(705, 1, 10.797208, 106.72034, '2025-12-02 16:44:21.820'),
(706, 1, 10.797511, 106.720338, '2025-12-02 16:44:23.830'),
(707, 1, 10.797669, 106.720238, '2025-12-02 16:44:25.829'),
(708, 1, 10.79662, 106.719169, '2025-12-02 16:44:27.835'),
(709, 1, 10.795956, 106.71854, '2025-12-02 16:44:29.839'),
(710, 1, 10.795396, 106.718198, '2025-12-02 16:44:31.854'),
(711, 1, 10.795013, 106.718094, '2025-12-02 16:44:33.868'),
(712, 1, 10.794446, 106.718079, '2025-12-02 16:44:35.880'),
(713, 1, 10.792604, 106.718064, '2025-12-02 16:44:37.896'),
(714, 1, 10.79155, 106.71807, '2025-12-02 16:44:39.904'),
(715, 1, 10.790752, 106.717939, '2025-12-02 16:44:41.913'),
(716, 1, 10.79015, 106.717526, '2025-12-02 16:44:43.927'),
(717, 1, 10.789682, 106.716763, '2025-12-02 16:44:45.943'),
(718, 1, 10.789421, 106.715975, '2025-12-02 16:44:47.956'),
(719, 1, 10.789298, 106.715462, '2025-12-02 16:44:49.967'),
(720, 1, 10.789382, 106.714374, '2025-12-02 16:44:51.980'),
(721, 1, 10.789668, 106.712201, '2025-12-02 16:44:53.991'),
(722, 1, 10.789616, 106.711228, '2025-12-02 16:44:55.992'),
(723, 1, 10.789098, 106.710249, '2025-12-02 16:44:57.999'),
(724, 1, 10.788276, 106.709697, '2025-12-02 16:45:00.001'),
(725, 1, 10.786666, 106.709056, '2025-12-02 16:45:02.012'),
(726, 1, 10.785261, 106.708427, '2025-12-02 16:45:04.018'),
(727, 1, 10.784631, 106.708021, '2025-12-02 16:45:06.021'),
(728, 1, 10.782513, 106.706197, '2025-12-02 16:45:08.026'),
(729, 1, 10.78473, 106.703688, '2025-12-02 16:45:10.029'),
(730, 1, 10.783611, 106.702627, '2025-12-02 16:45:12.031'),
(731, 1, 10.78228, 106.701648, '2025-12-02 16:45:14.051'),
(732, 1, 10.779785, 106.699018, '2025-12-02 16:45:16.056'),
(733, 1, 10.772082, 106.692327, '2025-12-02 16:45:20.076'),
(734, 1, 10.772724, 106.691155, '2025-12-02 16:45:22.082'),
(735, 1, 10.773696, 106.689399, '2025-12-02 16:45:24.082'),
(736, 1, 10.772297, 106.688105, '2025-12-02 16:45:26.083'),
(737, 1, 10.771334, 106.687217, '2025-12-02 16:45:28.085'),
(738, 1, 10.770499, 106.686434, '2025-12-02 16:45:30.086'),
(739, 1, 10.769678, 106.685647, '2025-12-02 16:45:32.093'),
(740, 1, 10.768177, 106.684187, '2025-12-02 16:45:34.093'),
(741, 1, 10.765887, 106.682032, '2025-12-02 16:45:36.097'),
(742, 1, 10.765679, 106.681628, '2025-12-02 16:45:38.103'),
(743, 1, 10.765524, 106.681428, '2025-12-02 16:45:40.106'),
(744, 1, 10.765307, 106.681433, '2025-12-02 16:45:42.107'),
(745, 1, 10.765166, 106.681611, '2025-12-02 16:45:44.116'),
(746, 1, 10.764188, 106.682066, '2025-12-02 16:45:46.128'),
(747, 1, 10.762622, 106.682228, '2025-12-02 16:45:48.132'),
(748, 1, 10.762724, 106.682191, '2025-12-02 19:46:05.238'),
(749, 1, 10.763419, 106.682532, '2025-12-02 19:46:07.244'),
(750, 1, 10.764754, 106.681986, '2025-12-02 19:46:09.246'),
(751, 1, 10.765323, 106.68192, '2025-12-02 19:46:11.262'),
(752, 1, 10.765629, 106.68191, '2025-12-02 19:46:13.267'),
(753, 1, 10.76815, 106.684388, '2025-12-02 19:46:15.282'),
(754, 1, 10.770034, 106.686122, '2025-12-02 19:46:17.296'),
(755, 1, 10.770773, 106.686804, '2025-12-02 19:46:19.298'),
(756, 1, 10.772403, 106.688332, '2025-12-02 19:46:21.312'),
(757, 1, 10.773471, 106.689571, '2025-12-02 19:46:23.312'),
(758, 1, 10.77242, 106.691543, '2025-12-02 19:46:25.312'),
(759, 1, 10.77146, 106.693104, '2025-12-02 19:46:27.314'),
(760, 1, 10.771303, 106.69306, '2025-12-02 19:46:29.316'),
(761, 1, 10.771193, 106.693278, '2025-12-02 19:46:31.327'),
(762, 1, 10.771256, 106.693433, '2025-12-02 19:46:33.331'),
(763, 1, 10.771513, 106.693551, '2025-12-02 19:46:35.332'),
(764, 1, 10.773249, 106.696072, '2025-12-02 19:46:37.333'),
(765, 1, 10.772542, 106.698021, '2025-12-02 19:46:39.334'),
(766, 1, 10.775343, 106.698609, '2025-12-02 19:46:43.353'),
(767, 1, 10.776802, 106.699923, '2025-12-02 19:46:45.365'),
(768, 1, 10.777189, 106.699509, '2025-12-02 19:46:47.381'),
(769, 1, 10.778152, 106.698459, '2025-12-02 19:46:49.382'),
(770, 1, 10.779785, 106.699018, '2025-12-02 19:46:51.382'),
(771, 1, 10.781476, 106.699636, '2025-12-02 19:46:55.398'),
(772, 1, 10.783612, 106.698789, '2025-12-02 19:46:57.398'),
(773, 1, 10.78474, 106.699842, '2025-12-02 19:46:59.398'),
(774, 1, 10.785451, 106.700511, '2025-12-02 19:47:01.399'),
(775, 1, 10.786557, 106.701646, '2025-12-02 19:47:03.403'),
(776, 1, 10.787614, 106.7026, '2025-12-02 19:47:05.412'),
(777, 1, 10.788606, 106.703544, '2025-12-02 19:47:07.416'),
(778, 1, 10.787602, 106.705139, '2025-12-02 19:47:09.418'),
(779, 1, 10.788355, 106.709867, '2025-12-02 19:47:13.435'),
(780, 1, 10.788916, 106.710274, '2025-12-02 19:47:15.449'),
(781, 1, 10.789342, 106.710862, '2025-12-02 19:47:17.450'),
(782, 1, 10.789516, 106.711365, '2025-12-02 19:47:19.464'),
(783, 1, 10.789537, 106.712087, '2025-12-02 19:47:21.466'),
(784, 1, 10.789, 106.71465, '2025-12-02 19:47:23.483'),
(785, 1, 10.788927, 106.715359, '2025-12-02 19:47:25.504'),
(786, 1, 10.789081, 106.716071, '2025-12-02 19:47:27.517'),
(787, 1, 10.789213, 106.716616, '2025-12-02 19:47:29.517'),
(788, 1, 10.789456, 106.716865, '2025-12-02 19:47:31.517'),
(789, 1, 10.789995, 106.717738, '2025-12-02 19:47:33.533'),
(790, 1, 10.790636, 106.718179, '2025-12-02 19:47:35.547'),
(791, 1, 10.791431, 106.718343, '2025-12-02 19:47:37.561'),
(792, 1, 10.793666, 106.718378, '2025-12-02 19:47:39.564'),
(793, 1, 10.794852, 106.718405, '2025-12-02 19:47:41.585'),
(794, 1, 10.795379, 106.71855, '2025-12-02 19:47:43.600'),
(795, 1, 10.796019, 106.71904, '2025-12-02 19:47:45.615'),
(796, 1, 10.794939, 106.721773, '2025-12-02 19:47:47.618'),
(797, 1, 10.796298, 106.720953, '2025-12-02 19:47:51.632'),
(798, 1, 10.795522, 106.719583, '2025-12-02 19:47:53.647'),
(799, 1, 10.796415, 106.719551, '2025-12-02 19:47:55.651'),
(800, 1, 10.797208, 106.72034, '2025-12-02 19:47:57.666'),
(801, 1, 10.797511, 106.720338, '2025-12-02 19:47:59.673'),
(802, 1, 10.797669, 106.720238, '2025-12-02 19:48:01.681'),
(803, 1, 10.79662, 106.719169, '2025-12-02 19:48:03.684'),
(804, 1, 10.795956, 106.71854, '2025-12-02 19:48:05.698'),
(805, 1, 10.795396, 106.718198, '2025-12-02 19:48:07.701'),
(806, 1, 10.795013, 106.718094, '2025-12-02 19:48:09.712'),
(807, 1, 10.794446, 106.718079, '2025-12-02 19:48:11.718'),
(808, 1, 10.792604, 106.718064, '2025-12-02 19:48:13.719'),
(809, 1, 10.79155, 106.71807, '2025-12-02 19:48:15.733'),
(810, 1, 10.790752, 106.717939, '2025-12-02 19:48:17.735'),
(811, 1, 10.79015, 106.717526, '2025-12-02 19:48:19.747'),
(812, 1, 10.789682, 106.716763, '2025-12-02 19:48:21.751'),
(813, 1, 10.789421, 106.715975, '2025-12-02 19:48:23.751'),
(814, 1, 10.789298, 106.715462, '2025-12-02 19:48:25.754'),
(815, 1, 10.789382, 106.714374, '2025-12-02 19:48:27.768'),
(816, 1, 10.789668, 106.712201, '2025-12-02 19:48:29.774'),
(817, 1, 10.789616, 106.711228, '2025-12-02 19:48:31.785'),
(818, 1, 10.789098, 106.710249, '2025-12-02 19:48:33.784'),
(819, 1, 10.788276, 106.709697, '2025-12-02 19:48:35.789'),
(820, 1, 10.786666, 106.709056, '2025-12-02 19:48:37.802'),
(821, 1, 10.785261, 106.708427, '2025-12-02 19:48:39.802'),
(822, 1, 10.784631, 106.708021, '2025-12-02 19:48:41.814'),
(823, 1, 10.782513, 106.706197, '2025-12-02 19:48:43.818'),
(824, 1, 10.78473, 106.703688, '2025-12-02 19:48:45.825'),
(825, 1, 10.783611, 106.702627, '2025-12-02 19:48:47.835'),
(826, 1, 10.78228, 106.701648, '2025-12-02 19:48:49.835'),
(827, 1, 10.779785, 106.699018, '2025-12-02 19:48:51.851'),
(828, 1, 10.772082, 106.692327, '2025-12-02 19:48:55.860'),
(829, 1, 10.772724, 106.691155, '2025-12-02 19:48:57.869'),
(830, 1, 10.773696, 106.689399, '2025-12-02 19:48:59.868'),
(831, 1, 10.772297, 106.688105, '2025-12-02 19:49:01.870'),
(832, 1, 10.771334, 106.687217, '2025-12-02 19:49:03.886'),
(833, 1, 10.770499, 106.686434, '2025-12-02 19:49:05.886'),
(834, 1, 10.769678, 106.685647, '2025-12-02 19:49:07.886'),
(835, 1, 10.768177, 106.684187, '2025-12-02 19:49:09.886'),
(836, 1, 10.765887, 106.682032, '2025-12-02 19:49:11.886'),
(837, 1, 10.765679, 106.681628, '2025-12-02 19:49:13.886'),
(838, 1, 10.765524, 106.681428, '2025-12-02 19:49:15.886'),
(839, 1, 10.765307, 106.681433, '2025-12-02 19:49:17.886'),
(840, 1, 10.765166, 106.681611, '2025-12-02 19:49:19.886'),
(841, 1, 10.764188, 106.682066, '2025-12-02 19:49:21.904'),
(842, 1, 10.762622, 106.682228, '2025-12-02 19:49:23.904'),
(843, 1, 10.762724, 106.682191, '2025-12-02 19:49:33.937'),
(844, 1, 10.763419, 106.682532, '2025-12-02 19:49:35.944'),
(845, 1, 10.764754, 106.681986, '2025-12-02 19:49:37.951'),
(846, 1, 10.765323, 106.68192, '2025-12-02 19:49:39.953'),
(847, 1, 10.765629, 106.68191, '2025-12-02 19:49:41.954'),
(848, 1, 10.76815, 106.684388, '2025-12-02 19:49:43.954'),
(849, 1, 10.770034, 106.686122, '2025-12-02 19:49:45.958'),
(850, 1, 10.770773, 106.686804, '2025-12-02 19:49:47.971'),
(851, 1, 10.772403, 106.688332, '2025-12-02 19:49:49.987'),
(852, 1, 10.773471, 106.689571, '2025-12-02 19:49:51.989'),
(853, 1, 10.77242, 106.691543, '2025-12-02 19:49:54.004'),
(854, 1, 10.77146, 106.693104, '2025-12-02 19:49:56.009'),
(855, 1, 10.771303, 106.69306, '2025-12-02 19:49:58.019'),
(856, 1, 10.771193, 106.693278, '2025-12-02 19:50:00.021'),
(857, 1, 10.771256, 106.693433, '2025-12-02 19:50:02.037'),
(858, 1, 10.771513, 106.693551, '2025-12-02 19:50:04.037'),
(859, 1, 10.773249, 106.696072, '2025-12-02 19:50:06.037'),
(860, 1, 10.772542, 106.698021, '2025-12-02 19:50:08.038'),
(861, 1, 10.775343, 106.698609, '2025-12-02 19:50:12.038'),
(862, 1, 10.776802, 106.699923, '2025-12-02 19:50:14.038'),
(863, 1, 10.777189, 106.699509, '2025-12-02 19:50:16.038'),
(864, 1, 10.778152, 106.698459, '2025-12-02 19:50:18.054'),
(865, 1, 10.779785, 106.699018, '2025-12-02 19:50:20.055'),
(866, 1, 10.781476, 106.699636, '2025-12-02 19:50:24.055'),
(867, 1, 10.783612, 106.698789, '2025-12-02 19:50:26.055'),
(868, 1, 10.78474, 106.699842, '2025-12-02 19:50:28.055'),
(869, 1, 10.785451, 106.700511, '2025-12-02 19:50:30.055'),
(870, 1, 10.786557, 106.701646, '2025-12-02 19:50:32.055'),
(871, 1, 10.787614, 106.7026, '2025-12-02 19:50:34.055'),
(872, 1, 10.788606, 106.703544, '2025-12-02 19:50:36.055'),
(873, 1, 10.787602, 106.705139, '2025-12-02 19:50:38.055'),
(874, 1, 10.788355, 106.709867, '2025-12-02 19:50:42.082'),
(875, 1, 10.788916, 106.710274, '2025-12-02 19:50:44.092'),
(876, 1, 10.789342, 106.710862, '2025-12-02 19:50:46.105'),
(877, 1, 10.789516, 106.711365, '2025-12-02 19:50:48.106'),
(878, 1, 10.789537, 106.712087, '2025-12-02 19:50:50.106'),
(879, 1, 10.789, 106.71465, '2025-12-02 19:50:52.106'),
(880, 1, 10.788927, 106.715359, '2025-12-02 19:50:54.109'),
(881, 1, 10.789081, 106.716071, '2025-12-02 19:50:56.111'),
(882, 1, 10.789213, 106.716616, '2025-12-02 19:50:58.122'),
(883, 1, 10.789456, 106.716865, '2025-12-02 19:51:00.123'),
(884, 1, 10.789995, 106.717738, '2025-12-02 19:51:02.130'),
(885, 1, 10.790636, 106.718179, '2025-12-02 19:51:04.138'),
(886, 1, 10.791431, 106.718343, '2025-12-02 19:51:06.152'),
(887, 1, 10.793666, 106.718378, '2025-12-02 19:51:08.156'),
(888, 1, 10.794852, 106.718405, '2025-12-02 19:51:10.156'),
(889, 1, 10.795379, 106.71855, '2025-12-02 19:51:12.155'),
(890, 1, 10.796019, 106.71904, '2025-12-02 19:51:14.166'),
(891, 1, 10.794939, 106.721773, '2025-12-02 19:51:16.172'),
(892, 1, 10.796298, 106.720953, '2025-12-02 19:51:20.186'),
(893, 1, 10.795522, 106.719583, '2025-12-02 19:51:22.188'),
(894, 1, 10.796415, 106.719551, '2025-12-02 19:51:24.189'),
(895, 1, 10.797208, 106.72034, '2025-12-02 19:51:26.197'),
(896, 1, 10.797511, 106.720338, '2025-12-02 19:51:28.211'),
(897, 1, 10.797669, 106.720238, '2025-12-02 19:51:30.215'),
(898, 1, 10.79662, 106.719169, '2025-12-02 19:51:32.223'),
(899, 1, 10.795956, 106.71854, '2025-12-02 19:51:34.223'),
(900, 1, 10.795396, 106.718198, '2025-12-02 19:51:36.223'),
(901, 1, 10.795013, 106.718094, '2025-12-02 19:51:38.224'),
(902, 1, 10.794446, 106.718079, '2025-12-02 19:51:40.230'),
(903, 1, 10.792604, 106.718064, '2025-12-02 19:51:42.240'),
(904, 1, 10.79155, 106.71807, '2025-12-02 19:51:44.240'),
(905, 1, 10.790752, 106.717939, '2025-12-02 19:51:46.256'),
(906, 1, 10.79015, 106.717526, '2025-12-02 19:51:48.257'),
(907, 1, 10.789682, 106.716763, '2025-12-02 19:51:50.257'),
(908, 1, 10.789421, 106.715975, '2025-12-02 19:51:52.257'),
(909, 1, 10.789298, 106.715462, '2025-12-02 19:51:54.257'),
(910, 1, 10.789382, 106.714374, '2025-12-02 19:51:56.257'),
(911, 1, 10.789668, 106.712201, '2025-12-02 19:51:58.259'),
(912, 1, 10.789616, 106.711228, '2025-12-02 19:52:00.274'),
(913, 1, 10.789098, 106.710249, '2025-12-02 19:52:02.274'),
(914, 1, 10.788276, 106.709697, '2025-12-02 19:52:04.274'),
(915, 1, 10.786666, 106.709056, '2025-12-02 19:52:06.291'),
(916, 1, 10.785261, 106.708427, '2025-12-02 19:52:08.291'),
(917, 1, 10.784631, 106.708021, '2025-12-02 19:52:10.292'),
(918, 1, 10.782513, 106.706197, '2025-12-02 19:52:12.294'),
(919, 1, 10.78473, 106.703688, '2025-12-02 19:52:14.308'),
(920, 1, 10.783611, 106.702627, '2025-12-02 19:52:16.308'),
(921, 1, 10.78228, 106.701648, '2025-12-02 19:52:18.309'),
(922, 1, 10.779785, 106.699018, '2025-12-02 19:52:20.323'),
(923, 1, 10.772082, 106.692327, '2025-12-02 19:52:24.325'),
(924, 1, 10.772724, 106.691155, '2025-12-02 19:52:26.325'),
(925, 1, 10.773696, 106.689399, '2025-12-02 19:52:28.341'),
(926, 1, 10.772297, 106.688105, '2025-12-02 19:52:30.342'),
(927, 1, 10.771334, 106.687217, '2025-12-02 19:52:32.344'),
(928, 1, 10.770499, 106.686434, '2025-12-02 19:52:34.347'),
(929, 1, 10.769678, 106.685647, '2025-12-02 19:52:36.363'),
(930, 1, 10.768177, 106.684187, '2025-12-02 19:52:38.375'),
(931, 1, 10.765887, 106.682032, '2025-12-02 19:52:40.392'),
(932, 1, 10.765679, 106.681628, '2025-12-02 19:52:42.408'),
(933, 1, 10.765524, 106.681428, '2025-12-02 19:52:44.408'),
(934, 1, 10.765307, 106.681433, '2025-12-02 19:52:46.411'),
(935, 1, 10.765166, 106.681611, '2025-12-02 19:52:48.426'),
(936, 1, 10.764188, 106.682066, '2025-12-02 19:52:50.431'),
(937, 1, 10.762622, 106.682228, '2025-12-02 19:52:52.443'),
(938, 1, 10.762724, 106.682191, '2025-12-02 19:53:02.482'),
(939, 1, 10.763419, 106.682532, '2025-12-02 19:53:04.492'),
(940, 1, 10.764754, 106.681986, '2025-12-02 19:53:06.506'),
(941, 1, 10.765323, 106.68192, '2025-12-02 19:53:08.508'),
(942, 1, 10.765629, 106.68191, '2025-12-02 19:53:10.513'),
(943, 1, 10.76815, 106.684388, '2025-12-02 19:53:12.519'),
(944, 1, 10.770034, 106.686122, '2025-12-02 19:53:14.526'),
(945, 1, 10.770773, 106.686804, '2025-12-02 19:53:16.530'),
(946, 1, 10.772403, 106.688332, '2025-12-02 19:53:18.534'),
(947, 1, 10.773471, 106.689571, '2025-12-02 19:53:20.544'),
(948, 1, 10.77242, 106.691543, '2025-12-02 19:53:22.560'),
(949, 1, 10.77146, 106.693104, '2025-12-02 19:53:24.571'),
(950, 1, 10.771303, 106.69306, '2025-12-02 19:53:26.587'),
(951, 1, 10.771193, 106.693278, '2025-12-02 19:53:28.587'),
(952, 1, 10.771256, 106.693433, '2025-12-02 19:53:30.593'),
(953, 1, 10.771513, 106.693551, '2025-12-02 19:53:32.610'),
(954, 1, 10.773249, 106.696072, '2025-12-02 19:53:34.610'),
(955, 1, 10.772542, 106.698021, '2025-12-02 19:53:36.617'),
(956, 1, 10.775343, 106.698609, '2025-12-02 19:53:40.625'),
(957, 1, 10.776802, 106.699923, '2025-12-02 19:53:42.626'),
(958, 1, 10.777189, 106.699509, '2025-12-02 19:53:44.645'),
(959, 1, 10.778152, 106.698459, '2025-12-02 19:53:46.657'),
(960, 1, 10.779785, 106.699018, '2025-12-02 19:53:48.669'),
(961, 1, 10.781476, 106.699636, '2025-12-02 19:53:52.677'),
(962, 1, 10.783612, 106.698789, '2025-12-02 19:53:54.678'),
(963, 1, 10.78474, 106.699842, '2025-12-02 19:53:56.689'),
(964, 1, 10.785451, 106.700511, '2025-12-02 19:53:58.694'),
(965, 1, 10.786557, 106.701646, '2025-12-02 19:54:00.708'),
(966, 1, 10.787614, 106.7026, '2025-12-02 19:54:02.710'),
(967, 1, 10.788606, 106.703544, '2025-12-02 19:54:04.724'),
(968, 1, 10.787602, 106.705139, '2025-12-02 19:54:06.727'),
(969, 1, 10.788355, 106.709867, '2025-12-02 19:54:10.761'),
(970, 1, 10.788916, 106.710274, '2025-12-02 19:54:12.761'),
(971, 1, 10.789342, 106.710862, '2025-12-02 19:54:14.763'),
(972, 1, 10.789516, 106.711365, '2025-12-02 19:54:16.764'),
(973, 1, 10.789537, 106.712087, '2025-12-02 19:54:18.769'),
(974, 1, 10.789, 106.71465, '2025-12-02 19:54:20.783'),
(975, 1, 10.788927, 106.715359, '2025-12-02 19:54:22.792'),
(976, 1, 10.789081, 106.716071, '2025-12-02 19:54:24.803'),
(977, 1, 10.789213, 106.716616, '2025-12-02 19:54:26.810'),
(978, 1, 10.789456, 106.716865, '2025-12-02 19:54:28.823'),
(979, 1, 10.789995, 106.717738, '2025-12-02 19:54:30.827'),
(980, 1, 10.790636, 106.718179, '2025-12-02 19:54:32.829'),
(981, 1, 10.791431, 106.718343, '2025-12-02 19:54:34.843'),
(982, 1, 10.793666, 106.718378, '2025-12-02 19:54:36.844'),
(983, 1, 10.794852, 106.718405, '2025-12-02 19:54:38.858'),
(984, 1, 10.795379, 106.71855, '2025-12-02 19:54:40.864'),
(985, 1, 10.796019, 106.71904, '2025-12-02 19:54:42.878'),
(986, 1, 10.794939, 106.721773, '2025-12-02 19:54:44.885'),
(987, 1, 10.796298, 106.720953, '2025-12-02 19:54:48.910'),
(988, 1, 10.795522, 106.719583, '2025-12-02 19:54:50.915'),
(989, 1, 10.796415, 106.719551, '2025-12-02 19:54:52.923'),
(990, 1, 10.797208, 106.72034, '2025-12-02 19:54:54.925'),
(991, 1, 10.797511, 106.720338, '2025-12-02 19:54:56.926'),
(992, 1, 10.797669, 106.720238, '2025-12-02 19:54:58.928'),
(993, 1, 10.79662, 106.719169, '2025-12-02 19:55:00.928'),
(994, 1, 10.795956, 106.71854, '2025-12-02 19:55:02.928'),
(995, 1, 10.795396, 106.718198, '2025-12-02 19:55:04.940'),
(996, 1, 10.795013, 106.718094, '2025-12-02 19:55:06.946'),
(997, 1, 10.794446, 106.718079, '2025-12-02 19:55:08.947'),
(998, 1, 10.792604, 106.718064, '2025-12-02 19:55:10.959'),
(999, 1, 10.79155, 106.71807, '2025-12-02 19:55:12.962'),
(1000, 1, 10.790752, 106.717939, '2025-12-02 19:55:14.963'),
(1001, 1, 10.79015, 106.717526, '2025-12-02 19:55:16.965'),
(1002, 1, 10.789682, 106.716763, '2025-12-02 19:55:18.979'),
(1003, 1, 10.789421, 106.715975, '2025-12-02 19:55:20.980'),
(1004, 1, 10.789298, 106.715462, '2025-12-02 19:55:22.980'),
(1005, 1, 10.789382, 106.714374, '2025-12-02 19:55:24.982'),
(1006, 1, 10.789668, 106.712201, '2025-12-02 19:55:26.996'),
(1007, 1, 10.789616, 106.711228, '2025-12-02 19:55:28.998'),
(1008, 1, 10.789098, 106.710249, '2025-12-02 19:55:31.014'),
(1009, 1, 10.788276, 106.709697, '2025-12-02 19:55:33.018'),
(1010, 1, 10.786666, 106.709056, '2025-12-02 19:55:35.030'),
(1011, 1, 10.785261, 106.708427, '2025-12-02 19:55:37.032'),
(1012, 1, 10.784631, 106.708021, '2025-12-02 19:55:39.047'),
(1013, 1, 10.782513, 106.706197, '2025-12-02 19:55:41.051'),
(1014, 1, 10.78473, 106.703688, '2025-12-02 19:55:43.062'),
(1015, 1, 10.783611, 106.702627, '2025-12-02 19:55:45.077'),
(1016, 1, 10.78228, 106.701648, '2025-12-02 19:55:47.096'),
(1017, 1, 10.779785, 106.699018, '2025-12-02 19:55:49.098'),
(1018, 1, 10.772082, 106.692327, '2025-12-02 19:55:53.112'),
(1019, 1, 10.772724, 106.691155, '2025-12-02 19:55:55.118'),
(1020, 1, 10.773696, 106.689399, '2025-12-02 19:55:57.129'),
(1021, 1, 10.772297, 106.688105, '2025-12-02 19:55:59.131'),
(1022, 1, 10.771334, 106.687217, '2025-12-02 19:56:01.131'),
(1023, 1, 10.770499, 106.686434, '2025-12-02 19:56:03.132'),
(1024, 1, 10.769678, 106.685647, '2025-12-02 19:56:05.147'),
(1025, 1, 10.768177, 106.684187, '2025-12-02 19:56:07.148'),
(1026, 1, 10.765887, 106.682032, '2025-12-02 19:56:09.148'),
(1027, 1, 10.765679, 106.681628, '2025-12-02 19:56:11.148'),
(1028, 1, 10.765524, 106.681428, '2025-12-02 19:56:13.148'),
(1029, 1, 10.765307, 106.681433, '2025-12-02 19:56:15.148'),
(1030, 1, 10.765166, 106.681611, '2025-12-02 19:56:17.163'),
(1031, 1, 10.764188, 106.682066, '2025-12-02 19:56:19.165'),
(1032, 1, 10.762622, 106.682228, '2025-12-02 19:56:21.166'),
(1033, 1, 10.762724, 106.682191, '2025-12-02 19:56:31.199'),
(1034, 1, 10.763419, 106.682532, '2025-12-02 19:56:33.215'),
(1035, 1, 10.764754, 106.681986, '2025-12-02 19:56:35.215'),
(1036, 1, 10.765323, 106.68192, '2025-12-02 19:56:37.229'),
(1037, 1, 10.765629, 106.68191, '2025-12-02 19:56:39.232'),
(1038, 1, 10.76815, 106.684388, '2025-12-02 19:56:41.239'),
(1039, 1, 10.770034, 106.686122, '2025-12-02 19:56:43.249'),
(1040, 1, 10.770773, 106.686804, '2025-12-02 19:56:45.251'),
(1041, 1, 10.772403, 106.688332, '2025-12-02 19:56:47.264'),
(1042, 1, 10.773471, 106.689571, '2025-12-02 19:56:49.269'),
(1043, 1, 10.77242, 106.691543, '2025-12-02 19:56:51.280'),
(1044, 1, 10.77146, 106.693104, '2025-12-02 19:56:53.281'),
(1045, 1, 10.771303, 106.69306, '2025-12-02 19:56:55.297'),
(1046, 1, 10.771193, 106.693278, '2025-12-02 19:56:57.310'),
(1047, 1, 10.771256, 106.693433, '2025-12-02 19:56:59.319'),
(1048, 1, 10.771513, 106.693551, '2025-12-02 19:57:01.326'),
(1049, 1, 10.773249, 106.696072, '2025-12-02 19:57:03.330'),
(1050, 1, 10.772542, 106.698021, '2025-12-02 19:57:05.333'),
(1051, 1, 10.775343, 106.698609, '2025-12-02 19:57:09.349'),
(1052, 1, 10.776802, 106.699923, '2025-12-02 19:57:11.349'),
(1053, 1, 10.777189, 106.699509, '2025-12-02 19:57:13.353'),
(1054, 1, 10.778152, 106.698459, '2025-12-02 19:57:15.354'),
(1055, 1, 10.779785, 106.699018, '2025-12-02 19:57:17.355'),
(1056, 1, 10.781476, 106.699636, '2025-12-02 19:57:21.366'),
(1057, 1, 10.783612, 106.698789, '2025-12-02 19:57:23.367'),
(1058, 1, 10.78474, 106.699842, '2025-12-02 19:57:25.367'),
(1059, 1, 10.785451, 106.700511, '2025-12-02 19:57:27.367'),
(1060, 1, 10.786557, 106.701646, '2025-12-02 19:57:29.373'),
(1061, 1, 10.787614, 106.7026, '2025-12-02 19:57:31.381'),
(1062, 1, 10.788606, 106.703544, '2025-12-02 19:57:33.381'),
(1063, 1, 10.787602, 106.705139, '2025-12-02 19:57:35.381'),
(1064, 1, 10.788355, 106.709867, '2025-12-02 19:57:39.399'),
(1065, 1, 10.788916, 106.710274, '2025-12-02 19:57:41.400'),
(1066, 1, 10.789342, 106.710862, '2025-12-02 19:57:43.416'),
(1067, 1, 10.789516, 106.711365, '2025-12-02 19:57:45.417'),
(1068, 1, 10.789537, 106.712087, '2025-12-02 19:57:47.420'),
(1069, 1, 10.789, 106.71465, '2025-12-02 19:57:49.428'),
(1070, 1, 10.788927, 106.715359, '2025-12-02 19:57:51.434'),
(1071, 1, 10.789081, 106.716071, '2025-12-02 19:57:53.434'),
(1072, 1, 10.789213, 106.716616, '2025-12-02 19:57:55.434'),
(1073, 1, 10.789456, 106.716865, '2025-12-02 19:57:57.434'),
(1074, 1, 10.789995, 106.717738, '2025-12-02 19:57:59.434'),
(1075, 1, 10.790636, 106.718179, '2025-12-02 19:58:01.434'),
(1076, 1, 10.791431, 106.718343, '2025-12-02 19:58:03.434'),
(1077, 1, 10.793666, 106.718378, '2025-12-02 19:58:05.435'),
(1078, 1, 10.794852, 106.718405, '2025-12-02 19:58:07.441'),
(1079, 1, 10.795379, 106.71855, '2025-12-02 19:58:09.445'),
(1080, 1, 10.762724, 106.682191, '2025-12-02 19:58:15.271'),
(1081, 1, 10.763419, 106.682532, '2025-12-02 19:58:17.273'),
(1082, 1, 10.764754, 106.681986, '2025-12-02 19:58:19.273'),
(1083, 1, 10.765323, 106.68192, '2025-12-02 19:58:21.275'),
(1084, 1, 10.765629, 106.68191, '2025-12-02 19:58:23.277'),
(1085, 1, 10.76815, 106.684388, '2025-12-02 19:58:25.277'),
(1086, 1, 10.770034, 106.686122, '2025-12-02 19:58:27.292'),
(1087, 1, 10.770773, 106.686804, '2025-12-02 19:58:29.307');

-- --------------------------------------------------------

--
-- Cấu trúc bảng cho bảng `xebuyt`
--

CREATE TABLE `xebuyt` (
  `xeBuytId` int(11) NOT NULL,
  `maXe` varchar(191) NOT NULL,
  `bienSo` varchar(191) DEFAULT NULL,
  `sucChua` int(11) DEFAULT NULL,
  `trangThai` varchar(191) DEFAULT 'active',
  `namSanXuat` int(11) DEFAULT NULL,
  `ngayKiemDinh` datetime(3) DEFAULT NULL
) ENGINE=InnoDB DEFAULT CHARSET=utf8mb4 COLLATE=utf8mb4_unicode_ci;

--
-- Đang đổ dữ liệu cho bảng `xebuyt`
--

INSERT INTO `xebuyt` (`xeBuytId`, `maXe`, `bienSo`, `sucChua`, `trangThai`, `namSanXuat`, `ngayKiemDinh`) VALUES
(1, 'BUS-01', '51B-111.11', 29, 'active', 2018, NULL),
(2, 'BUS-02', '51B-222.22', 45, 'active', 2019, NULL),
(3, 'BUS-03', '51B-333.33', 29, 'active', 2020, NULL),
(4, 'BUS-04', '51B-444.44', 16, 'active', 2021, NULL),
(5, 'BUS-05', '51B-555.55', 45, 'active', 2022, NULL);

--
-- Chỉ mục cho các bảng đã đổ
--

--
-- Chỉ mục cho bảng `attendance`
--
ALTER TABLE `attendance`
  ADD PRIMARY KEY (`attendanceId`),
  ADD UNIQUE KEY `lichTrinhId` (`lichTrinhId`,`hocSinhId`),
  ADD KEY `hocSinhId` (`hocSinhId`),
  ADD KEY `taiXeId` (`taiXeId`),
  ADD KEY `idx_lichTrinhId_taiXeId` (`lichTrinhId`,`taiXeId`);

--
-- Chỉ mục cho bảng `conversation`
--
ALTER TABLE `conversation`
  ADD PRIMARY KEY (`conversationId`),
  ADD KEY `userId` (`userId`);

--
-- Chỉ mục cho bảng `diemdung`
--
ALTER TABLE `diemdung`
  ADD PRIMARY KEY (`diemDungId`);

--
-- Chỉ mục cho bảng `hocsinh`
--
ALTER TABLE `hocsinh`
  ADD PRIMARY KEY (`hocSinhId`),
  ADD UNIQUE KEY `maHS` (`maHS`),
  ADD KEY `phuHuynhId` (`phuHuynhId`);

--
-- Chỉ mục cho bảng `lichtrinh`
--
ALTER TABLE `lichtrinh`
  ADD PRIMARY KEY (`lichTrinhId`),
  ADD UNIQUE KEY `maLich` (`maLich`),
  ADD KEY `tuyenDuongId` (`tuyenDuongId`),
  ADD KEY `xeBuytId` (`xeBuytId`),
  ADD KEY `taiXeId` (`taiXeId`);

--
-- Chỉ mục cho bảng `maintenance`
--
ALTER TABLE `maintenance`
  ADD PRIMARY KEY (`maintenanceId`),
  ADD KEY `xeBuytId` (`xeBuytId`);

--
-- Chỉ mục cho bảng `message`
--
ALTER TABLE `message`
  ADD PRIMARY KEY (`messageId`),
  ADD KEY `conversationId` (`conversationId`),
  ADD KEY `userId` (`userId`);

--
-- Chỉ mục cho bảng `phanconghocsinh`
--
ALTER TABLE `phanconghocsinh`
  ADD PRIMARY KEY (`phanCongId`),
  ADD UNIQUE KEY `uk_hocsinh_lichtrinh` (`hocSinhId`,`lichTrinhId`),
  ADD KEY `fk_lichtrinh` (`lichTrinhId`),
  ADD KEY `fk_diemdon` (`diemDonId`),
  ADD KEY `fk_diemtra` (`diemTraId`);

--
-- Chỉ mục cho bảng `phuhuynh`
--
ALTER TABLE `phuhuynh`
  ADD PRIMARY KEY (`phuHuynhId`),
  ADD UNIQUE KEY `userId` (`userId`);

--
-- Chỉ mục cho bảng `quanlyxebuyt`
--
ALTER TABLE `quanlyxebuyt`
  ADD PRIMARY KEY (`quanLyId`),
  ADD UNIQUE KEY `userId` (`userId`);

--
-- Chỉ mục cho bảng `studenttrip`
--
ALTER TABLE `studenttrip`
  ADD PRIMARY KEY (`studentTripId`),
  ADD UNIQUE KEY `lichTrinhId` (`lichTrinhId`,`hocSinhId`),
  ADD KEY `hocSinhId` (`hocSinhId`);

--
-- Chỉ mục cho bảng `supportticket`
--
ALTER TABLE `supportticket`
  ADD PRIMARY KEY (`ticketId`),
  ADD KEY `userId` (`userId`);

--
-- Chỉ mục cho bảng `taixe`
--
ALTER TABLE `taixe`
  ADD PRIMARY KEY (`taiXeId`),
  ADD UNIQUE KEY `userId` (`userId`);

--
-- Chỉ mục cho bảng `thongbao`
--
ALTER TABLE `thongbao`
  ADD PRIMARY KEY (`thongBaoId`),
  ADD KEY `phuHuynhId` (`phuHuynhId`);

--
-- Chỉ mục cho bảng `triprecord`
--
ALTER TABLE `triprecord`
  ADD PRIMARY KEY (`tripRecordId`),
  ADD KEY `lichTrinhId` (`lichTrinhId`),
  ADD KEY `taiXeId` (`taiXeId`);

--
-- Chỉ mục cho bảng `tuyenduong`
--
ALTER TABLE `tuyenduong`
  ADD PRIMARY KEY (`tuyenDuongId`),
  ADD UNIQUE KEY `maTuyen` (`maTuyen`);

--
-- Chỉ mục cho bảng `tuyenduong_diemdung`
--
ALTER TABLE `tuyenduong_diemdung`
  ADD PRIMARY KEY (`tuyenDuongId`,`diemDungId`),
  ADD KEY `diemDungId` (`diemDungId`);

--
-- Chỉ mục cho bảng `user`
--
ALTER TABLE `user`
  ADD PRIMARY KEY (`userId`),
  ADD UNIQUE KEY `userCode` (`userCode`),
  ADD UNIQUE KEY `email` (`email`);

--
-- Chỉ mục cho bảng `usersettings`
--
ALTER TABLE `usersettings`
  ADD PRIMARY KEY (`settingId`),
  ADD UNIQUE KEY `userId` (`userId`);

--
-- Chỉ mục cho bảng `vitri`
--
ALTER TABLE `vitri`
  ADD PRIMARY KEY (`viTriId`),
  ADD KEY `idx_xeBuytId_thoiGian` (`xeBuytId`,`thoiGian`);

--
-- Chỉ mục cho bảng `xebuyt`
--
ALTER TABLE `xebuyt`
  ADD PRIMARY KEY (`xeBuytId`),
  ADD UNIQUE KEY `maXe` (`maXe`),
  ADD UNIQUE KEY `bienSo` (`bienSo`);

--
-- AUTO_INCREMENT cho các bảng đã đổ
--

--
-- AUTO_INCREMENT cho bảng `attendance`
--
ALTER TABLE `attendance`
  MODIFY `attendanceId` int(11) NOT NULL AUTO_INCREMENT, AUTO_INCREMENT=34;

--
-- AUTO_INCREMENT cho bảng `conversation`
--
ALTER TABLE `conversation`
  MODIFY `conversationId` int(11) NOT NULL AUTO_INCREMENT;

--
-- AUTO_INCREMENT cho bảng `diemdung`
--
ALTER TABLE `diemdung`
  MODIFY `diemDungId` int(11) NOT NULL AUTO_INCREMENT, AUTO_INCREMENT=12;

--
-- AUTO_INCREMENT cho bảng `hocsinh`
--
ALTER TABLE `hocsinh`
  MODIFY `hocSinhId` int(11) NOT NULL AUTO_INCREMENT, AUTO_INCREMENT=27;

--
-- AUTO_INCREMENT cho bảng `lichtrinh`
--
ALTER TABLE `lichtrinh`
  MODIFY `lichTrinhId` int(11) NOT NULL AUTO_INCREMENT, AUTO_INCREMENT=1003;

--
-- AUTO_INCREMENT cho bảng `maintenance`
--
ALTER TABLE `maintenance`
  MODIFY `maintenanceId` int(11) NOT NULL AUTO_INCREMENT;

--
-- AUTO_INCREMENT cho bảng `message`
--
ALTER TABLE `message`
  MODIFY `messageId` int(11) NOT NULL AUTO_INCREMENT;

--
-- AUTO_INCREMENT cho bảng `phanconghocsinh`
--
ALTER TABLE `phanconghocsinh`
  MODIFY `phanCongId` int(11) NOT NULL AUTO_INCREMENT;

--
-- AUTO_INCREMENT cho bảng `phuhuynh`
--
ALTER TABLE `phuhuynh`
  MODIFY `phuHuynhId` int(11) NOT NULL AUTO_INCREMENT, AUTO_INCREMENT=11;

--
-- AUTO_INCREMENT cho bảng `quanlyxebuyt`
--
ALTER TABLE `quanlyxebuyt`
  MODIFY `quanLyId` int(11) NOT NULL AUTO_INCREMENT, AUTO_INCREMENT=2;

--
-- AUTO_INCREMENT cho bảng `studenttrip`
--
ALTER TABLE `studenttrip`
  MODIFY `studentTripId` int(11) NOT NULL AUTO_INCREMENT, AUTO_INCREMENT=74;

--
-- AUTO_INCREMENT cho bảng `supportticket`
--
ALTER TABLE `supportticket`
  MODIFY `ticketId` int(11) NOT NULL AUTO_INCREMENT;

--
-- AUTO_INCREMENT cho bảng `taixe`
--
ALTER TABLE `taixe`
  MODIFY `taiXeId` int(11) NOT NULL AUTO_INCREMENT, AUTO_INCREMENT=6;

--
-- AUTO_INCREMENT cho bảng `thongbao`
--
ALTER TABLE `thongbao`
  MODIFY `thongBaoId` int(11) NOT NULL AUTO_INCREMENT, AUTO_INCREMENT=20;

--
-- AUTO_INCREMENT cho bảng `triprecord`
--
ALTER TABLE `triprecord`
  MODIFY `tripRecordId` int(11) NOT NULL AUTO_INCREMENT, AUTO_INCREMENT=3;

--
-- AUTO_INCREMENT cho bảng `tuyenduong`
--
ALTER TABLE `tuyenduong`
  MODIFY `tuyenDuongId` int(11) NOT NULL AUTO_INCREMENT, AUTO_INCREMENT=7;

--
-- AUTO_INCREMENT cho bảng `user`
--
ALTER TABLE `user`
  MODIFY `userId` int(11) NOT NULL AUTO_INCREMENT, AUTO_INCREMENT=17;

--
-- AUTO_INCREMENT cho bảng `usersettings`
--
ALTER TABLE `usersettings`
  MODIFY `settingId` int(11) NOT NULL AUTO_INCREMENT;

--
-- AUTO_INCREMENT cho bảng `vitri`
--
ALTER TABLE `vitri`
  MODIFY `viTriId` int(11) NOT NULL AUTO_INCREMENT, AUTO_INCREMENT=1088;

--
-- AUTO_INCREMENT cho bảng `xebuyt`
--
ALTER TABLE `xebuyt`
  MODIFY `xeBuytId` int(11) NOT NULL AUTO_INCREMENT, AUTO_INCREMENT=6;

--
-- Các ràng buộc cho các bảng đã đổ
--

--
-- Các ràng buộc cho bảng `attendance`
--
ALTER TABLE `attendance`
  ADD CONSTRAINT `attendance_ibfk_1` FOREIGN KEY (`lichTrinhId`) REFERENCES `lichtrinh` (`lichTrinhId`) ON DELETE CASCADE,
  ADD CONSTRAINT `attendance_ibfk_2` FOREIGN KEY (`hocSinhId`) REFERENCES `hocsinh` (`hocSinhId`) ON DELETE CASCADE,
  ADD CONSTRAINT `attendance_ibfk_3` FOREIGN KEY (`taiXeId`) REFERENCES `taixe` (`taiXeId`) ON DELETE CASCADE;

--
-- Các ràng buộc cho bảng `conversation`
--
ALTER TABLE `conversation`
  ADD CONSTRAINT `conversation_ibfk_1` FOREIGN KEY (`userId`) REFERENCES `user` (`userId`) ON DELETE CASCADE;

--
-- Các ràng buộc cho bảng `hocsinh`
--
ALTER TABLE `hocsinh`
  ADD CONSTRAINT `hocsinh_ibfk_1` FOREIGN KEY (`phuHuynhId`) REFERENCES `phuhuynh` (`phuHuynhId`) ON DELETE SET NULL;

--
-- Các ràng buộc cho bảng `lichtrinh`
--
ALTER TABLE `lichtrinh`
  ADD CONSTRAINT `lichtrinh_ibfk_1` FOREIGN KEY (`tuyenDuongId`) REFERENCES `tuyenduong` (`tuyenDuongId`),
  ADD CONSTRAINT `lichtrinh_ibfk_2` FOREIGN KEY (`xeBuytId`) REFERENCES `xebuyt` (`xeBuytId`),
  ADD CONSTRAINT `lichtrinh_ibfk_3` FOREIGN KEY (`taiXeId`) REFERENCES `taixe` (`taiXeId`);

--
-- Các ràng buộc cho bảng `maintenance`
--
ALTER TABLE `maintenance`
  ADD CONSTRAINT `maintenance_ibfk_1` FOREIGN KEY (`xeBuytId`) REFERENCES `xebuyt` (`xeBuytId`) ON DELETE CASCADE;

--
-- Các ràng buộc cho bảng `message`
--
ALTER TABLE `message`
  ADD CONSTRAINT `message_ibfk_1` FOREIGN KEY (`conversationId`) REFERENCES `conversation` (`conversationId`) ON DELETE CASCADE,
  ADD CONSTRAINT `message_ibfk_2` FOREIGN KEY (`userId`) REFERENCES `user` (`userId`) ON DELETE CASCADE;

--
-- Các ràng buộc cho bảng `phanconghocsinh`
--
ALTER TABLE `phanconghocsinh`
  ADD CONSTRAINT `fk_diemdon_pc` FOREIGN KEY (`diemDonId`) REFERENCES `diemdung` (`diemDungId`) ON DELETE SET NULL,
  ADD CONSTRAINT `fk_diemtra_pc` FOREIGN KEY (`diemTraId`) REFERENCES `diemdung` (`diemDungId`) ON DELETE SET NULL,
  ADD CONSTRAINT `fk_hocsinh_pc` FOREIGN KEY (`hocSinhId`) REFERENCES `hocsinh` (`hocSinhId`) ON DELETE CASCADE,
  ADD CONSTRAINT `fk_lichtrinh_pc` FOREIGN KEY (`lichTrinhId`) REFERENCES `lichtrinh` (`lichTrinhId`) ON DELETE CASCADE;

--
-- Các ràng buộc cho bảng `phuhuynh`
--
ALTER TABLE `phuhuynh`
  ADD CONSTRAINT `phuhuynh_ibfk_1` FOREIGN KEY (`userId`) REFERENCES `user` (`userId`) ON DELETE CASCADE;

--
-- Các ràng buộc cho bảng `quanlyxebuyt`
--
ALTER TABLE `quanlyxebuyt`
  ADD CONSTRAINT `quanlyxebuyt_ibfk_1` FOREIGN KEY (`userId`) REFERENCES `user` (`userId`) ON DELETE CASCADE;

--
-- Các ràng buộc cho bảng `studenttrip`
--
ALTER TABLE `studenttrip`
  ADD CONSTRAINT `studenttrip_ibfk_1` FOREIGN KEY (`lichTrinhId`) REFERENCES `lichtrinh` (`lichTrinhId`) ON DELETE CASCADE,
  ADD CONSTRAINT `studenttrip_ibfk_2` FOREIGN KEY (`hocSinhId`) REFERENCES `hocsinh` (`hocSinhId`) ON DELETE CASCADE;

--
-- Các ràng buộc cho bảng `supportticket`
--
ALTER TABLE `supportticket`
  ADD CONSTRAINT `supportticket_ibfk_1` FOREIGN KEY (`userId`) REFERENCES `user` (`userId`) ON DELETE CASCADE;

--
-- Các ràng buộc cho bảng `taixe`
--
ALTER TABLE `taixe`
  ADD CONSTRAINT `taixe_ibfk_1` FOREIGN KEY (`userId`) REFERENCES `user` (`userId`) ON DELETE SET NULL;

--
-- Các ràng buộc cho bảng `thongbao`
--
ALTER TABLE `thongbao`
  ADD CONSTRAINT `thongbao_ibfk_1` FOREIGN KEY (`phuHuynhId`) REFERENCES `phuhuynh` (`phuHuynhId`) ON DELETE CASCADE;

--
-- Các ràng buộc cho bảng `triprecord`
--
ALTER TABLE `triprecord`
  ADD CONSTRAINT `triprecord_ibfk_1` FOREIGN KEY (`lichTrinhId`) REFERENCES `lichtrinh` (`lichTrinhId`) ON DELETE CASCADE,
  ADD CONSTRAINT `triprecord_ibfk_2` FOREIGN KEY (`taiXeId`) REFERENCES `taixe` (`taiXeId`) ON DELETE CASCADE;

--
-- Các ràng buộc cho bảng `tuyenduong_diemdung`
--
ALTER TABLE `tuyenduong_diemdung`
  ADD CONSTRAINT `tuyenduong_diemdung_ibfk_1` FOREIGN KEY (`tuyenDuongId`) REFERENCES `tuyenduong` (`tuyenDuongId`) ON DELETE CASCADE,
  ADD CONSTRAINT `tuyenduong_diemdung_ibfk_2` FOREIGN KEY (`diemDungId`) REFERENCES `diemdung` (`diemDungId`) ON DELETE CASCADE;

--
-- Các ràng buộc cho bảng `usersettings`
--
ALTER TABLE `usersettings`
  ADD CONSTRAINT `usersettings_ibfk_1` FOREIGN KEY (`userId`) REFERENCES `user` (`userId`) ON DELETE CASCADE;

--
-- Các ràng buộc cho bảng `vitri`
--
ALTER TABLE `vitri`
  ADD CONSTRAINT `vitri_ibfk_1` FOREIGN KEY (`xeBuytId`) REFERENCES `xebuyt` (`xeBuytId`) ON DELETE CASCADE;
COMMIT;

/*!40101 SET CHARACTER_SET_CLIENT=@OLD_CHARACTER_SET_CLIENT */;
/*!40101 SET CHARACTER_SET_RESULTS=@OLD_CHARACTER_SET_RESULTS */;
/*!40101 SET COLLATION_CONNECTION=@OLD_COLLATION_CONNECTION */;
